{"v":"5.10.2","fr":60,"ip":0,"op":180,"w":600,"h":600,"nm":"Home","ddd":0,"assets":[],"layers":[{"ddd":0,"ind":1,"ty":4,"nm":"home-White stroke","parent":5,"sr":1,"ks":{"o":{"a":0,"k":100,"ix":11},"r":{"a":0,"k":0,"ix":10},"p":{"a":0,"k":[6,7.125,0],"ix":2,"l":2},"a":{"a":0,"k":[298.25,279.375,0],"ix":1,"l":2},"s":{"a":1,"k":[{"i":{"x":[0.667,0.667,0.667],"y":[1,1,1]},"o":{"x":[0.333,0.333,0.333],"y":[0,0,0]},"t":19,"s":[100,100,100]},{"i":{"x":[0.667,0.667,0.667],"y":[1,1,1]},"o":{"x":[0.333,0.333,0.333],"y":[0,0,0]},"t":26,"s":[82,82,100]},{"i":{"x":[0.667,0.667,0.667],"y":[1,1,1]},"o":{"x":[0.333,0.333,0.333],"y":[0,0,0]},"t":32,"s":[84,84,100]},{"i":{"x":[0.667,0.667,0.667],"y":[1,1,1]},"o":{"x":[0.333,0.333,0.333],"y":[0,0,0]},"t":37,"s":[82,82,100]},{"t":42,"s":[82,82,100]}],"ix":6,"l":2}},"ao":0,"shapes":[{"ty":"gr","it":[{"ind":0,"ty":"sh","ix":1,"ks":{"a":0,"k":{"i":[[11.75,-0.5],[0,0],[0,0],[22,0],[0,0],[0,20.75],[0,0],[16,0],[0,0],[0,-16],[0,0],[20.75,0],[0,0],[0,22.25],[0,0],[0,0],[-8.5,8.5],[0,0],[-15.75,-15.5],[0,0]],"o":[[0,0],[0,0],[0,22.25],[0,0],[-20.75,0],[0,0],[0,-16],[0,0],[-15.75,0],[0,0],[0,20.75],[0,0],[-22,0],[0,0],[0,0],[-12,0],[0,0],[15.5,-15.5],[0,0],[8.5,8.25]],"v":[[231.826,4.595],[188.076,5.595],[188.076,201.625],[148.076,241.875],[129.673,241.875],[92.173,204.375],[92.173,86.644],[63.423,57.894],[-60.429,57.894],[-89.179,86.644],[-89.179,204.375],[-126.679,241.875],[-148.576,241.875],[-188.576,201.625],[-188.576,5.595],[-231.326,5.595],[-240.826,-2.875],[-28.5,-226.375],[28.25,-226.375],[240.826,-3.875]],"c":true},"ix":2},"nm":"Path 1","mn":"ADBE Vector Shape - Group","hd":false},{"ty":"st","c":{"a":0,"k":[1,1,1,1],"ix":3},"o":{"a":0,"k":100,"ix":4},"w":{"a":0,"k":60,"ix":5},"lc":2,"lj":2,"bm":0,"nm":"Stroke 1","mn":"ADBE Vector Graphic - Stroke","hd":false},{"ty":"tr","p":{"a":0,"k":[298.25,279.375],"ix":2},"a":{"a":0,"k":[0,0],"ix":1},"s":{"a":0,"k":[100,100],"ix":3},"r":{"a":0,"k":0,"ix":6},"o":{"a":0,"k":100,"ix":7},"sk":{"a":0,"k":0,"ix":4},"sa":{"a":0,"k":0,"ix":5},"nm":"Transform"}],"nm":"Group 1","np":2,"cix":2,"bm":0,"ix":1,"mn":"ADBE Vector Group","hd":false},{"ty":"tm","s":{"a":1,"k":[{"i":{"x":[0.667],"y":[1]},"o":{"x":[0.333],"y":[0]},"t":21,"s":[50]},{"i":{"x":[0.667],"y":[1]},"o":{"x":[0.333],"y":[0]},"t":30,"s":[99]},{"i":{"x":[0.833],"y":[1]},"o":{"x":[0.167],"y":[0]},"t":39,"s":[99]},{"i":{"x":[0.833],"y":[1]},"o":{"x":[0.167],"y":[0]},"t":48,"s":[99]},{"t":60,"s":[100]}],"ix":1},"e":{"a":1,"k":[{"i":{"x":[0.667],"y":[1]},"o":{"x":[0.333],"y":[0]},"t":21,"s":[50]},{"i":{"x":[0.667],"y":[1]},"o":{"x":[0.333],"y":[0]},"t":30,"s":[62]},{"i":{"x":[0.667],"y":[1]},"o":{"x":[0.12],"y":[0]},"t":39,"s":[53]},{"i":{"x":[0.667],"y":[1]},"o":{"x":[0.12],"y":[0]},"t":44,"s":[53]},{"t":60,"s":[100]}],"ix":2},"o":{"a":1,"k":[{"i":{"x":[0.667],"y":[1]},"o":{"x":[0.333],"y":[0]},"t":30,"s":[0]},{"i":{"x":[0.555],"y":[0.854]},"o":{"x":[0.133],"y":[0]},"t":39,"s":[355]},{"i":{"x":[0.711],"y":[1]},"o":{"x":[0.35],"y":[-0.183]},"t":44,"s":[345]},{"t":48,"s":[350]}],"ix":3},"m":1,"ix":2,"nm":"Trim Paths 1","mn":"ADBE Vector Filter - Trim","hd":false}],"ip":0,"op":60,"st":0,"ct":1,"bm":0},{"ddd":0,"ind":3,"ty":4,"nm":"home-combined","sr":1,"ks":{"o":{"a":1,"k":[{"i":{"x":[0.833],"y":[0.833]},"o":{"x":[0.167],"y":[0.167]},"t":142,"s":[0]},{"t":152,"s":[100]}],"ix":11},"r":{"a":0,"k":0,"ix":10},"p":{"a":0,"k":[300,298.125,0],"ix":2,"l":2},"a":{"a":0,"k":[298.25,279.375,0],"ix":1,"l":2},"s":{"a":0,"k":[100,100,100],"ix":6,"l":2}},"ao":0,"shapes":[{"ty":"gr","it":[{"ind":0,"ty":"sh","ix":1,"ks":{"a":0,"k":{"i":[[11.75,-0.5],[0,0],[0,0],[22,0],[0,0],[0,20.75],[0,0],[16,0],[0,0],[0,-16],[0,0],[20.75,0],[0,0],[0,22.25],[0,0],[0,0],[-8.5,8.5],[0,0],[-15.75,-15.5],[0,0]],"o":[[0,0],[0,0],[0,22.25],[0,0],[-20.75,0],[0,0],[0,-16],[0,0],[-15.75,0],[0,0],[0,20.75],[0,0],[-22,0],[0,0],[0,0],[-12,0],[0,0],[15.5,-15.5],[0,0],[8.5,8.25]],"v":[[243.25,19.125],[199.5,20.125],[199.5,201.625],[159.5,241.875],[93.75,241.875],[56.25,204.375],[56.25,95.625],[27.5,66.875],[-27.5,66.875],[-56.25,95.625],[-56.25,204.375],[-93.75,241.875],[-160,241.875],[-200,201.625],[-200,20.125],[-242.75,20.125],[-252.25,-2.875],[-28.5,-226.375],[28.25,-226.375],[252.25,-3.875]],"c":true},"ix":2},"nm":"Path 1","mn":"ADBE Vector Shape - Group","hd":false},{"ty":"st","c":{"a":0,"k":[0.529411764706,0.549019607843,0.643137254902,1],"ix":3},"o":{"a":0,"k":100,"ix":4},"w":{"a":0,"k":37.5,"ix":5},"lc":1,"lj":2,"bm":0,"nm":"Stroke 1","mn":"ADBE Vector Graphic - Stroke","hd":false},{"ty":"tr","p":{"a":0,"k":[298.25,279.375],"ix":2},"a":{"a":0,"k":[0,0],"ix":1},"s":{"a":0,"k":[100,100],"ix":3},"r":{"a":0,"k":0,"ix":6},"o":{"a":0,"k":100,"ix":7},"sk":{"a":0,"k":0,"ix":4},"sa":{"a":0,"k":0,"ix":5},"nm":"Transform"}],"nm":"Group 1","np":2,"cix":2,"bm":0,"ix":1,"mn":"ADBE Vector Group","hd":false},{"ty":"gr","it":[{"ind":0,"ty":"sh","ix":1,"ks":{"a":0,"k":{"i":[[0,0],[0,0]],"o":[[0,0],[0,0]],"v":[[141.5,512],[141.5,230]],"c":false},"ix":2},"nm":"Path 1","mn":"ADBE Vector Shape - Group","hd":false},{"ty":"st","c":{"a":0,"k":[1,1,1,1],"ix":3},"o":{"a":0,"k":100,"ix":4},"w":{"a":0,"k":50,"ix":5},"lc":1,"lj":2,"bm":0,"nm":"Stroke 1","mn":"ADBE Vector Graphic - Stroke","hd":false},{"ty":"tr","p":{"a":0,"k":[0,0],"ix":2},"a":{"a":0,"k":[0,0],"ix":1},"s":{"a":0,"k":[100,100],"ix":3},"r":{"a":0,"k":0,"ix":6},"o":{"a":0,"k":100,"ix":7},"sk":{"a":0,"k":0,"ix":4},"sa":{"a":0,"k":0,"ix":5},"nm":"Transform"}],"nm":"Group 2","np":2,"cix":2,"bm":0,"ix":2,"mn":"ADBE Vector Group","hd":false},{"ty":"gr","it":[{"ind":0,"ty":"sh","ix":1,"ks":{"a":0,"k":{"i":[[0,0],[0,0]],"o":[[0,0],[0,0]],"v":[[-117.375,117.625],[117.375,-117.625]],"c":false},"ix":2},"nm":"Path 1","mn":"ADBE Vector Shape - Group","hd":false},{"ty":"st","c":{"a":0,"k":[1,1,1,1],"ix":3},"o":{"a":0,"k":100,"ix":4},"w":{"a":0,"k":50,"ix":5},"lc":1,"lj":2,"bm":0,"nm":"Stroke 1","mn":"ADBE Vector Graphic - Stroke","hd":false},{"ty":"tr","p":{"a":0,"k":[201.375,182.625],"ix":2},"a":{"a":0,"k":[0,0],"ix":1},"s":{"a":0,"k":[100,100],"ix":3},"r":{"a":0,"k":0,"ix":6},"o":{"a":0,"k":100,"ix":7},"sk":{"a":0,"k":0,"ix":4},"sa":{"a":0,"k":0,"ix":5},"nm":"Transform"}],"nm":"Group 3","np":2,"cix":2,"bm":0,"ix":3,"mn":"ADBE Vector Group","hd":false},{"ty":"gr","it":[{"ind":0,"ty":"sh","ix":1,"ks":{"a":0,"k":{"i":[[11.75,-0.5],[0,0],[0,0],[22,0],[0,0],[0,0],[16,0],[0,0],[0,-16],[0,0],[0,0],[0,22.25],[0,0],[0,0],[-8.5,8.5],[0,0],[-15.75,-15.5],[0,0]],"o":[[0,0],[0,0],[0,22.25],[0,0],[0,0],[0,-16],[0,0],[-15.75,0],[0,0],[0,0],[-22,0],[0,0],[0,0],[-12,0],[0,0],[15.5,-15.5],[0,0],[8.5,8.25]],"v":[[243.25,19.125],[199.5,20.125],[199.5,201.625],[159.5,241.875],[56.25,241.875],[56.25,95.625],[27.5,66.875],[-27.5,66.875],[-56.25,95.625],[-56.25,241.875],[-160,241.875],[-200,201.625],[-200,20.125],[-242.75,20.125],[-252.25,-2.875],[-28.5,-226.375],[28.25,-226.375],[252.25,-3.875]],"c":true},"ix":2},"nm":"Path 1","mn":"ADBE Vector Shape - Group","hd":false},{"ty":"fl","c":{"a":0,"k":[0.937254961799,0.937254961799,0.949019667682,1],"ix":4},"o":{"a":0,"k":100,"ix":5},"r":1,"bm":0,"nm":"Fill 1","mn":"ADBE Vector Graphic - Fill","hd":false},{"ty":"tr","p":{"a":0,"k":[298.25,279.375],"ix":2},"a":{"a":0,"k":[0,0],"ix":1},"s":{"a":0,"k":[100,100],"ix":3},"r":{"a":0,"k":0,"ix":6},"o":{"a":0,"k":100,"ix":7},"sk":{"a":0,"k":0,"ix":4},"sa":{"a":0,"k":0,"ix":5},"nm":"Transform"}],"nm":"Group 4","np":2,"cix":2,"bm":0,"ix":4,"mn":"ADBE Vector Group","hd":false}],"ip":141,"op":2121,"st":141,"ct":1,"bm":0},{"ddd":0,"ind":5,"ty":3,"nm":"portfolio-master-ctrl","sr":1,"ks":{"o":{"a":0,"k":0,"ix":11},"r":{"a":0,"k":0,"ix":10},"p":{"a":0,"k":[294,291,0],"ix":2,"l":2},"a":{"a":0,"k":[0,0,0],"ix":1,"l":2},"s":{"a":1,"k":[{"i":{"x":[0.768,0.768,0.667],"y":[1,1,1]},"o":{"x":[0.791,0.791,0.333],"y":[-0.022,-0.022,0]},"t":-0.002,"s":[100,100,100]},{"i":{"x":[0.192,0.192,0.667],"y":[1.016,1.016,1]},"o":{"x":[0.333,0.333,0.333],"y":[0,0,0]},"t":5.998,"s":[90,90,100]},{"i":{"x":[0.667,0.667,0.667],"y":[1,1,1]},"o":{"x":[0.167,0.167,0.167],"y":[0,0,0]},"t":12.014,"s":[100,100,100]},{"i":{"x":[0.833,0.833,0.833],"y":[1,1,1]},"o":{"x":[0.333,0.333,0.333],"y":[0,0,0]},"t":22.357,"s":[100,100,100]},{"i":{"x":[0.667,0.667,0.667],"y":[1,1,1]},"o":{"x":[0.333,0.333,0.333],"y":[0,0,0]},"t":29.072,"s":[107,107,100]},{"i":{"x":[0.667,0.667,0.667],"y":[1,1,1]},"o":{"x":[0.333,0.333,0.333],"y":[0,0,0]},"t":34.645,"s":[100,100,100]},{"i":{"x":[0.667,0.667,0.667],"y":[1,1,1]},"o":{"x":[0.333,0.333,0.333],"y":[0,0,0]},"t":38.824,"s":[102,102,100]},{"t":43,"s":[100,100,100]}],"ix":6,"l":2}},"ao":0,"ip":0,"op":185,"st":-30.029296875,"bm":0},{"ddd":0,"ind":6,"ty":4,"nm":"home-active-line","parent":5,"sr":1,"ks":{"o":{"a":0,"k":100,"ix":11},"r":{"a":0,"k":0,"ix":10},"p":{"a":0,"k":[6,7.125,0],"ix":2,"l":2},"a":{"a":0,"k":[298.25,279.375,0],"ix":1,"l":2},"s":{"a":1,"k":[{"i":{"x":[0,0,0.667],"y":[1.014,1.014,1]},"o":{"x":[0.333,0.333,0.333],"y":[0,0,0]},"t":14,"s":[0,0,100]},{"i":{"x":[0,0,0.667],"y":[1,1,1]},"o":{"x":[0.167,0.167,0.167],"y":[0,0,0]},"t":18.98,"s":[99.4,99.4,100]},{"i":{"x":[0.833,0.833,0.833],"y":[1,1,1]},"o":{"x":[0.167,0.167,0.167],"y":[0,0,0]},"t":140.98,"s":[100,100,100]},{"t":147.98046875,"s":[99.8,99.8,100]}],"ix":6,"l":2}},"ao":0,"shapes":[{"ty":"gr","it":[{"ind":0,"ty":"sh","ix":1,"ks":{"a":0,"k":{"i":[[0,0],[8.5,8.25],[0,0],[15.5,-15.5],[0,0],[-12,0],[0,0],[0,0],[-22,0],[0,0],[0,20.75],[0,0],[-15.75,0],[0,0],[0,-16],[0,0],[-20.75,0],[0,0],[0,22.25],[0,0]],"o":[[11.75,-0.5],[0,0],[-15.75,-15.5],[0,0],[-8.5,8.5],[0,0],[0,0],[0,22.25],[0,0],[20.75,0],[0,0],[0,-16],[0,0],[16,0],[0,0],[0,20.75],[0,0],[22,0],[0,0],[0,0]],"v":[[243.25,19.125],[252.25,-3.875],[28.25,-226.375],[-28.5,-226.375],[-252.25,-2.875],[-242.75,20.125],[-200,20.125],[-200,201.625],[-160,241.875],[-93.75,241.875],[-56.25,204.375],[-56.25,95.625],[-27.5,66.875],[27.5,66.875],[56.25,95.625],[56.25,204.375],[93.75,241.875],[159.5,241.875],[199.5,201.625],[199.5,20.125]],"c":true},"ix":2},"nm":"Path 1","mn":"ADBE Vector Shape - Group","hd":false},{"ty":"st","c":{"a":0,"k":[0.372549019608,0.090196078431,0.772549019608,1],"ix":3},"o":{"a":0,"k":100,"ix":4},"w":{"a":0,"k":37.5,"ix":5},"lc":2,"lj":2,"bm":0,"nm":"Stroke 1","mn":"ADBE Vector Graphic - Stroke","hd":false},{"ty":"tr","p":{"a":0,"k":[298.25,279.375],"ix":2},"a":{"a":0,"k":[0,0],"ix":1},"s":{"a":0,"k":[100,100],"ix":3},"r":{"a":0,"k":0,"ix":6},"o":{"a":0,"k":100,"ix":7},"sk":{"a":0,"k":0,"ix":4},"sa":{"a":0,"k":0,"ix":5},"nm":"Transform"}],"nm":"Group 1","np":2,"cix":2,"bm":0,"ix":1,"mn":"ADBE Vector Group","hd":false},{"ty":"tm","s":{"a":1,"k":[{"i":{"x":[0.667],"y":[1]},"o":{"x":[0.333],"y":[0]},"t":19,"s":[100]},{"t":35,"s":[0]}],"ix":1},"e":{"a":0,"k":100,"ix":2},"o":{"a":1,"k":[{"i":{"x":[0.667],"y":[1]},"o":{"x":[0.333],"y":[0]},"t":19,"s":[177]},{"t":35,"s":[160]}],"ix":3},"m":1,"ix":2,"nm":"Trim Paths 1","mn":"ADBE Vector Filter - Trim","hd":false}],"ip":19,"op":1980,"st":0,"ct":1,"bm":0},{"ddd":0,"ind":13,"ty":4,"nm":"home-inactive","parent":5,"sr":1,"ks":{"o":{"a":1,"k":[{"i":{"x":[0.833],"y":[0.833]},"o":{"x":[0.167],"y":[0.167]},"t":32,"s":[100]},{"t":34,"s":[0]}],"ix":11},"r":{"a":0,"k":0,"ix":10},"p":{"a":0,"k":[6,7.125,0],"ix":2,"l":2},"a":{"a":0,"k":[298.25,279.375,0],"ix":1,"l":2},"s":{"a":0,"k":[100,100,100],"ix":6,"l":2}},"ao":0,"shapes":[{"ty":"gr","it":[{"ind":0,"ty":"sh","ix":1,"ks":{"a":0,"k":{"i":[[11.75,-0.5],[0,0],[0,0],[22,0],[0,0],[0,20.75],[0,0],[16,0],[0,0],[0,-16],[0,0],[20.75,0],[0,0],[0,22.25],[0,0],[0,0],[-8.5,8.5],[0,0],[-15.75,-15.5],[0,0]],"o":[[0,0],[0,0],[0,22.25],[0,0],[-20.75,0],[0,0],[0,-16],[0,0],[-15.75,0],[0,0],[0,20.75],[0,0],[-22,0],[0,0],[0,0],[-12,0],[0,0],[15.5,-15.5],[0,0],[8.5,8.25]],"v":[[243.25,19.125],[199.5,20.125],[199.5,201.625],[159.5,241.875],[93.75,241.875],[56.25,204.375],[56.25,95.625],[27.5,66.875],[-27.5,66.875],[-56.25,95.625],[-56.25,204.375],[-93.75,241.875],[-160,241.875],[-200,201.625],[-200,20.125],[-242.75,20.125],[-252.25,-2.875],[-28.5,-226.375],[28.25,-226.375],[252.25,-3.875]],"c":true},"ix":2},"nm":"Path 1","mn":"ADBE Vector Shape - Group","hd":false},{"ty":"st","c":{"a":0,"k":[0.529411764706,0.549019607843,0.643137254902,1],"ix":3},"o":{"a":0,"k":100,"ix":4},"w":{"a":0,"k":37.5,"ix":5},"lc":1,"lj":2,"bm":0,"nm":"Stroke 1","mn":"ADBE Vector Graphic - Stroke","hd":false},{"ty":"tr","p":{"a":0,"k":[298.25,279.375],"ix":2},"a":{"a":0,"k":[0,0],"ix":1},"s":{"a":0,"k":[100,100],"ix":3},"r":{"a":0,"k":0,"ix":6},"o":{"a":0,"k":100,"ix":7},"sk":{"a":0,"k":0,"ix":4},"sa":{"a":0,"k":0,"ix":5},"nm":"Transform"}],"nm":"Group 1","np":2,"cix":2,"bm":0,"ix":1,"mn":"ADBE Vector Group","hd":false}],"ip":0,"op":1980,"st":0,"ct":1,"bm":0},{"ddd":0,"ind":14,"ty":4,"nm":"home-fill","parent":5,"sr":1,"ks":{"o":{"a":0,"k":100,"ix":11},"r":{"a":0,"k":0,"ix":10},"p":{"a":0,"k":[6,7.125,0],"ix":2,"l":2},"a":{"a":0,"k":[298.25,279.375,0],"ix":1,"l":2},"s":{"a":1,"k":[{"i":{"x":[0,0,0.667],"y":[1.019,1.019,1]},"o":{"x":[0.333,0.333,0.333],"y":[0,0,0]},"t":9,"s":[0,0,100]},{"i":{"x":[0.833,0.833,0.833],"y":[1,1,1]},"o":{"x":[0.167,0.167,0.167],"y":[0,0,0]},"t":18,"s":[105,105,100]},{"t":26,"s":[100,100,100]}],"ix":6,"l":2}},"ao":0,"shapes":[{"ty":"gr","it":[{"ind":0,"ty":"sh","ix":1,"ks":{"a":0,"k":{"i":[[11.75,-0.5],[0,0],[0,0],[22,0],[0,0],[0,20.75],[0,0],[16,0],[0,0],[0,-16],[0,0],[20.75,0],[0,0],[0,22.25],[0,0],[0,0],[-8.5,8.5],[0,0],[-15.75,-15.5],[0,0]],"o":[[0,0],[0,0],[0,22.25],[0,0],[-20.75,0],[0,0],[0,-16],[0,0],[-15.75,0],[0,0],[0,20.75],[0,0],[-22,0],[0,0],[0,0],[-12,0],[0,0],[15.5,-15.5],[0,0],[8.5,8.25]],"v":[[243.25,19.125],[199.5,20.125],[199.5,201.625],[159.5,241.875],[93.75,241.875],[56.25,204.375],[56.25,95.625],[27.5,66.875],[-27.5,66.875],[-56.25,95.625],[-56.25,204.375],[-93.75,241.875],[-160,241.875],[-200,201.625],[-200,20.125],[-242.75,20.125],[-252.25,-2.875],[-28.5,-226.375],[28.25,-226.375],[252.25,-3.875]],"c":true},"ix":2},"nm":"Path 1","mn":"ADBE Vector Shape - Group","hd":false},{"ty":"tr","p":{"a":0,"k":[298.25,279.375],"ix":2},"a":{"a":0,"k":[0,0],"ix":1},"s":{"a":0,"k":[100,100],"ix":3},"r":{"a":0,"k":0,"ix":6},"o":{"a":0,"k":100,"ix":7},"sk":{"a":0,"k":0,"ix":4},"sa":{"a":0,"k":0,"ix":5},"nm":"Transform"}],"nm":"Group 1","np":2,"cix":2,"bm":0,"ix":1,"mn":"ADBE Vector Group","hd":false},{"ty":"fl","c":{"a":0,"k":[0.372549019608,0.090196078431,0.772549019608,1],"ix":4},"o":{"a":0,"k":100,"ix":5},"r":1,"bm":0,"nm":"Fill 1","mn":"ADBE Vector Graphic - Fill","hd":false}],"ip":11,"op":1980,"st":0,"ct":1,"bm":0},{"ddd":0,"ind":16,"ty":4,"nm":"home-inactive-line","parent":5,"sr":1,"ks":{"o":{"a":0,"k":100,"ix":11},"r":{"a":0,"k":0,"ix":10},"p":{"a":0,"k":[-91.517,16.365,0],"ix":2,"l":2},"a":{"a":0,"k":[142.375,248.5,0],"ix":1,"l":2},"s":{"a":0,"k":[100.707,100.707,100],"ix":6,"l":2}},"ao":0,"shapes":[{"ty":"gr","it":[{"ind":0,"ty":"sh","ix":1,"ks":{"a":0,"k":{"i":[[0,0],[0,0]],"o":[[0,0],[0,0]],"v":[[82.5,472],[82.5,190]],"c":false},"ix":2},"nm":"Path 1","mn":"ADBE Vector Shape - Group","hd":false},{"ty":"st","c":{"a":0,"k":[1,1,1,1],"ix":3},"o":{"a":0,"k":100,"ix":4},"w":{"a":0,"k":50,"ix":5},"lc":1,"lj":2,"bm":0,"nm":"Stroke 1","mn":"ADBE Vector Graphic - Stroke","hd":false},{"ty":"tr","p":{"a":0,"k":[0,0],"ix":2},"a":{"a":0,"k":[0,0],"ix":1},"s":{"a":0,"k":[100,100],"ix":3},"r":{"a":0,"k":0,"ix":6},"o":{"a":0,"k":100,"ix":7},"sk":{"a":0,"k":0,"ix":4},"sa":{"a":0,"k":0,"ix":5},"nm":"Transform"}],"nm":"Group 1","np":2,"cix":2,"bm":0,"ix":1,"mn":"ADBE Vector Group","hd":false},{"ty":"gr","it":[{"ind":0,"ty":"sh","ix":1,"ks":{"a":0,"k":{"i":[[0,0],[0,0]],"o":[[0,0],[0,0]],"v":[[-117.375,117.625],[117.375,-117.625]],"c":false},"ix":2},"nm":"Path 1","mn":"ADBE Vector Shape - Group","hd":false},{"ty":"st","c":{"a":0,"k":[1,1,1,1],"ix":3},"o":{"a":0,"k":100,"ix":4},"w":{"a":0,"k":50,"ix":5},"lc":1,"lj":2,"bm":0,"nm":"Stroke 1","mn":"ADBE Vector Graphic - Stroke","hd":false},{"ty":"tr","p":{"a":0,"k":[142.375,142.625],"ix":2},"a":{"a":0,"k":[0,0],"ix":1},"s":{"a":0,"k":[100,100],"ix":3},"r":{"a":0,"k":0,"ix":6},"o":{"a":0,"k":100,"ix":7},"sk":{"a":0,"k":0,"ix":4},"sa":{"a":0,"k":0,"ix":5},"nm":"Transform"}],"nm":"Group 2","np":2,"cix":2,"bm":0,"ix":2,"mn":"ADBE Vector Group","hd":false}],"ip":0,"op":11,"st":0,"ct":1,"bm":0},{"ddd":0,"ind":17,"ty":4,"nm":"home-inactive white","parent":5,"sr":1,"ks":{"o":{"a":0,"k":100,"ix":11},"r":{"a":0,"k":0,"ix":10},"p":{"a":0,"k":[6.042,7.175,0],"ix":2,"l":2},"a":{"a":0,"k":[261,242.125,0],"ix":1,"l":2},"s":{"a":0,"k":[100.707,100.707,100],"ix":6,"l":2}},"ao":0,"shapes":[{"ty":"gr","it":[{"ind":0,"ty":"sh","ix":1,"ks":{"a":0,"k":{"i":[[11.75,-0.5],[0,0],[0,0],[22,0],[0,0],[0,0],[16,0],[0,0],[0,-16],[0,0],[0,0],[0,22.25],[0,0],[0,0],[-8.5,8.5],[0,0],[-15.75,-15.5],[0,0]],"o":[[0,0],[0,0],[0,22.25],[0,0],[0,0],[0,-16],[0,0],[-15.75,0],[0,0],[0,0],[-22,0],[0,0],[0,0],[-12,0],[0,0],[15.5,-15.5],[0,0],[8.5,8.25]],"v":[[243.25,19.125],[199.5,20.125],[199.5,201.625],[159.5,241.875],[56.25,241.875],[56.25,95.625],[27.5,66.875],[-27.5,66.875],[-56.25,95.625],[-56.25,241.875],[-160,241.875],[-200,201.625],[-200,20.125],[-242.75,20.125],[-252.25,-2.875],[-28.5,-226.375],[28.25,-226.375],[252.25,-3.875]],"c":true},"ix":2},"nm":"Path 1","mn":"ADBE Vector Shape - Group","hd":false},{"ty":"fl","c":{"a":0,"k":[0.937254961799,0.937254961799,0.949019667682,1],"ix":4},"o":{"a":0,"k":100,"ix":5},"r":1,"bm":0,"nm":"Fill 1","mn":"ADBE Vector Graphic - Fill","hd":false},{"ty":"tr","p":{"a":0,"k":[261,242.125],"ix":2},"a":{"a":0,"k":[0,0],"ix":1},"s":{"a":0,"k":[100,100],"ix":3},"r":{"a":0,"k":0,"ix":6},"o":{"a":0,"k":100,"ix":7},"sk":{"a":0,"k":0,"ix":4},"sa":{"a":0,"k":0,"ix":5},"nm":"Transform"}],"nm":"Group 1","np":2,"cix":2,"bm":0,"ix":1,"mn":"ADBE Vector Group","hd":false}],"ip":0,"op":11,"st":0,"ct":1,"bm":0}],"markers":[]}

