{
    "name": "Marketplace Home",
    "id": "ppsb_ios_marketplace",
    "type": "root",
    "widgets": [
        {
            "id": "TRAVEL_INSURANCE_SECTION",
            "name": "Travel Insurance",
            "type": "ICON_GRID",
            "data": [{
                    "resolution": {
                        "isRequired": false,
                        "subType": "props"
                    },
                    "metaData": {
                        "title": "Up Coming IPOs",
                        "isCardify": true
                    }
                },
                {
                    "resolution": {
                        "isRequired": true,
                        "subType": "value",
                        "type": "myMoneyIconGrid"
                    },
                    "metaData": {
                        "resourceId": "TRAVEL_INSURANCE_SECTION",
                        "name": "Up Coming IPOs",
                        "icons": [{
                                "id": "DOMESTIC_INSURANCE_ICON",
                                "isVisible": true,
                                "badgeEnable": false,
                                "badgeText": "New",
                                "badgeColor": "#FF0000",
                                "imageUrl": "https://imgstatic.phonepe.com/images/app-icons-ia-1/wealth-management/insurance/%d/%d/DOM_TRAVEL_INS.png",
                                "name": "Devyani",
                                "deeplink": "phonepe://domHome",
                                "analytics": {
                                    "category": "INSURANCE",
                                    "action": "DOMESTIC_ICON_CLICK"
                                }
                            },
                            {
                                "id": "INTERNATIONAL_TRAVEL_INS_ICON",
                                "isVisible": true,
                                "badgeEnable": false,
                                "badgeText": "New",
                                "badgeColor": "#FF0000",
                                "imageUrl": "https://imgstatic.phonepe.com/images/app-icons-ia-1/wealth-management/insurance/%d/%d/INT_TRAVEL_INS.png",
                                "name": "Rolex Rings",
                                "deeplink": "phonepe://intTravHome",
                                "analytics": {
                                    "category": "INSURANCE",
                                    "action": "INTERNATIONAL_TRAVEL_INSURANCE_TAPPED"
                                }
                            }
                        ]
                    }
                }
            ]
        },
        {
            "id": "HEALTH_INSURANCE_SECTION_2",
            "name": "Most Active Stocks",
            "type": "ICON_GRID",
            "data": [{
                    "resolution": {
                        "isRequired": false,
                        "subType": "props"
                    },
                    "metaData": {
                        "title": "Most Active Stocks",
                        "isCardify": true
                    }
                },
                {
                    "resolution": {
                        "isRequired": true,
                        "subType": "value",
                        "type": "myMoneyIconGrid"
                    },
                    "metaData": {
                        "resourceId": "HEALTH_INSURANCE_SECTION",
                        "name": "Most Active Stocks",
                        "icons": [{
                                "id": "COVID_SACHET_ICON",
                                "isVisible": true,
                                "badgeEnable": false,
                                "badgeText": "New",
                                "badgeColor": "#FF0000",
                                "imageUrl": "https://imgstatic.phonepe.com/images/app-icons-ia-1/wealth-management/insurance/%d/%d/CORONA_INS.png",
                                "name": "Reliance",
                                "deeplink": "phonepe://sachetInsurance?category=HEALTH_INSURANCE&product=COVID",
                                "analytics": {
                                    "category": "HEALTH_INSURANCE",
                                    "action": "FS_INS_ICON_TAPPED",
                                    "info": {
                                        "product_type": "COVID"
                                    }
                                }
                            },
                            {
                                "id": "HOSPITAL_CASH_INS_ICON",
                                "isVisible": true,
                                "badgeEnable": true,
                                "badgeText": "New",
                                "badgeColor": "#FF0000",
                                "imageUrl": "https://imgstatic.phonepe.com/images/app-icons-ia-1/wealth-management/insurance/%d/%d/HOSPITAL_CASH_INS.png",
                                "name": "TCS",
                                "deeplink": "phonepe://sachetInsurance?category=HEALTH_INSURANCE&product=HOSPITAL_CASH",
                                "analytics": {
                                    "category": "HEALTH_INSURANCE",
                                    "action": "FS_INS_ICON_TAPPED",
                                    "info": {
                                        "product_type": "HOSPITAL_CASH"
                                    }
                                }
                            },
                            {
                                "id": "VBT_INSURANCE_ICON",
                                "isVisible": true,
                                "badgeEnable": true,
                                "badgeText": "New",
                                "badgeColor": "#FF0000",
                                "imageUrl": "https://imgstatic.phonepe.com/images/app-icons-ia-1/wealth-management/insurance/%d/%d/DENGUE_MALARIA_INS.png",
                                "name": "BHEL",
                                "deeplink": "phonepe://sachetInsurance?category=HEALTH_INSURANCE&product=DENGUE_MALARIA",
                                "analytics": {
                                    "category": "HEALTH_INSURANCE",
                                    "action": "FS_INS_ICON_TAPPED",
                                    "info": {
                                        "product_type": "DENGUE_MALARIA"
                                    }
                                }
                            },
                            {
                                "id": "ACCIDENT_INS_ICON",
                                "isVisible": true,
                                "badgeEnable": true,
                                "badgeText": "New",
                                "badgeColor": "#FF0000",
                                "imageUrl": "https://imgstatic.phonepe.com/images/app-icons-ia-1/wealth-management/insurance/%d/%d/PERSONAL_ACCIDENT_INS.png",
                                "name": "SBIN",
                                "deeplink": "phonepe://sachetInsurance?category=HEALTH_INSURANCE&product=ACCIDENT_COVER",
                                "analytics": {
                                    "category": "HEALTH_INSURANCE",
                                    "action": "FS_INS_ICON_TAPPED",
                                    "info": {
                                        "product_type": "ACCIDENT_COVER"
                                    }
                                }
                            }
                        ]
                    }
                }
            ]
        },
        {
            "id": "HEALTH_INSURANCE_SECTION_1",
            "name": "Top Gainers",
            "type": "ICON_GRID",
            "data": [{
                    "resolution": {
                        "isRequired": false,
                        "subType": "props"
                    },
                    "metaData": {
                        "title": "Top Gainers",
                        "isCardify": true
                    }
                },
                {
                    "resolution": {
                        "isRequired": true,
                        "subType": "value",
                        "type": "myMoneyIconGrid"
                    },
                    "metaData": {
                        "resourceId": "HEALTH_INSURANCE_SECTION_1",
                        "name": "Top Gainers",
                        "icons": [{
                                "id": "COVID_SACHET_ICON",
                                "isVisible": true,
                                "badgeEnable": false,
                                "badgeText": "New",
                                "badgeColor": "#FF0000",
                                "imageUrl": "https://imgstatic.phonepe.com/images/app-icons-ia-1/wealth-management/insurance/%d/%d/CORONA_INS.png",
                                "name": "EASEMY",
                                "deeplink": "phonepe://sachetInsurance?category=HEALTH_INSURANCE&product=COVID",
                                "analytics": {
                                    "category": "HEALTH_INSURANCE",
                                    "action": "FS_INS_ICON_TAPPED",
                                    "info": {
                                        "product_type": "COVID"
                                    }
                                }
                            },
                            {
                                "id": "HOSPITAL_CASH_INS_ICON",
                                "isVisible": true,
                                "badgeEnable": true,
                                "badgeText": "New",
                                "badgeColor": "#FF0000",
                                "imageUrl": "https://imgstatic.phonepe.com/images/app-icons-ia-1/wealth-management/insurance/%d/%d/HOSPITAL_CASH_INS.png",
                                "name": "MTAR",
                                "deeplink": "phonepe://sachetInsurance?category=HEALTH_INSURANCE&product=HOSPITAL_CASH",
                                "analytics": {
                                    "category": "HEALTH_INSURANCE",
                                    "action": "FS_INS_ICON_TAPPED",
                                    "info": {
                                        "product_type": "HOSPITAL_CASH"
                                    }
                                }
                            },
                            {
                                "id": "VBT_INSURANCE_ICON",
                                "isVisible": true,
                                "badgeEnable": true,
                                "badgeText": "New",
                                "badgeColor": "#FF0000",
                                "imageUrl": "https://imgstatic.phonepe.com/images/app-icons-ia-1/wealth-management/insurance/%d/%d/DENGUE_MALARIA_INS.png",
                                "name": "BEL",
                                "deeplink": "phonepe://sachetInsurance?category=HEALTH_INSURANCE&product=DENGUE_MALARIA",
                                "analytics": {
                                    "category": "HEALTH_INSURANCE",
                                    "action": "FS_INS_ICON_TAPPED",
                                    "info": {
                                        "product_type": "DENGUE_MALARIA"
                                    }
                                }
                            },
                            {
                                "id": "ACCIDENT_INS_ICON",
                                "isVisible": true,
                                "badgeEnable": true,
                                "badgeText": "New",
                                "badgeColor": "#FF0000",
                                "imageUrl": "https://imgstatic.phonepe.com/images/app-icons-ia-1/wealth-management/insurance/%d/%d/PERSONAL_ACCIDENT_INS.png",
                                "name": "SBICARD",
                                "deeplink": "phonepe://sachetInsurance?category=HEALTH_INSURANCE&product=ACCIDENT_COVER",
                                "analytics": {
                                    "category": "HEALTH_INSURANCE",
                                    "action": "FS_INS_ICON_TAPPED",
                                    "info": {
                                        "product_type": "ACCIDENT_COVER"
                                    }
                                }
                            }
                        ]
                    }
                }
            ]
        },
        {
            "id": "HEALTH_INSURANCE_SECTION",
            "name": "Health and Life Insurance",
            "type": "ICON_GRID_1",
            "data": [{
                    "resolution": {
                        "isRequired": false,
                        "subType": "props"
                    },
                    "metaData": {
                        "title": "Health and Life Insurance",
                        "isCardify": true
                    }
                },
                {
                    "resolution": {
                        "isRequired": true,
                        "subType": "value",
                        "type": "myMoneyIconGrid"
                    },
                    "metaData": {
                        "resourceId": "HEALTH_INSURANCE_SECTION",
                        "name": "Health and Life Insurance",
                        "icons": [{
                                "id": "COVID_SACHET_ICON",
                                "isVisible": true,
                                "badgeEnable": false,
                                "badgeText": "New",
                                "badgeColor": "#FF0000",
                                "imageUrl": "https://imgstatic.phonepe.com/images/app-icons-ia-1/wealth-management/insurance/%d/%d/CORONA_INS.png",
                                "name": "Coronavirus",
                                "deeplink": "phonepe://sachetInsurance?category=HEALTH_INSURANCE&product=COVID",
                                "analytics": {
                                    "category": "HEALTH_INSURANCE",
                                    "action": "FS_INS_ICON_TAPPED",
                                    "info": {
                                        "product_type": "COVID"
                                    }
                                }
                            },
                            {
                                "id": "HOSPITAL_CASH_INS_ICON",
                                "isVisible": true,
                                "badgeEnable": true,
                                "badgeText": "New",
                                "badgeColor": "#FF0000",
                                "imageUrl": "https://imgstatic.phonepe.com/images/app-icons-ia-1/wealth-management/insurance/%d/%d/HOSPITAL_CASH_INS.png",
                                "name": "Hospital Cash",
                                "deeplink": "phonepe://sachetInsurance?category=HEALTH_INSURANCE&product=HOSPITAL_CASH",
                                "analytics": {
                                    "category": "HEALTH_INSURANCE",
                                    "action": "FS_INS_ICON_TAPPED",
                                    "info": {
                                        "product_type": "HOSPITAL_CASH"
                                    }
                                }
                            },
                            {
                                "id": "VBT_INSURANCE_ICON",
                                "isVisible": true,
                                "badgeEnable": true,
                                "badgeText": "New",
                                "badgeColor": "#FF0000",
                                "imageUrl": "https://imgstatic.phonepe.com/images/app-icons-ia-1/wealth-management/insurance/%d/%d/DENGUE_MALARIA_INS.png",
                                "name": "Dengue and Malaria",
                                "deeplink": "phonepe://sachetInsurance?category=HEALTH_INSURANCE&product=DENGUE_MALARIA",
                                "analytics": {
                                    "category": "HEALTH_INSURANCE",
                                    "action": "FS_INS_ICON_TAPPED",
                                    "info": {
                                        "product_type": "DENGUE_MALARIA"
                                    }
                                }
                            },
                            {
                                "id": "ACCIDENT_INS_ICON",
                                "isVisible": true,
                                "badgeEnable": true,
                                "badgeText": "New",
                                "badgeColor": "#FF0000",
                                "imageUrl": "https://imgstatic.phonepe.com/images/app-icons-ia-1/wealth-management/insurance/%d/%d/PERSONAL_ACCIDENT_INS.png",
                                "name": "Accident",
                                "deeplink": "phonepe://sachetInsurance?category=HEALTH_INSURANCE&product=ACCIDENT_COVER",
                                "analytics": {
                                    "category": "HEALTH_INSURANCE",
                                    "action": "FS_INS_ICON_TAPPED",
                                    "info": {
                                        "product_type": "ACCIDENT_COVER"
                                    }
                                }
                            }
                        ]
                    }
                }
            ]
        },
        {
            "id": "TRAVEL_INSURANCE_SECTION",
            "name": "Travel Insurance",
            "type": "ICON_GRID",
            "data": [{
                    "resolution": {
                        "isRequired": false,
                        "subType": "props"
                    },
                    "metaData": {
                        "title": "Up Coming IPOs",
                        "isCardify": true
                    }
                },
                {
                    "resolution": {
                        "isRequired": true,
                        "subType": "value",
                        "type": "myMoneyIconGrid"
                    },
                    "metaData": {
                        "resourceId": "TRAVEL_INSURANCE_SECTION",
                        "name": "Up Coming IPOs",
                        "icons": [{
                                "id": "DOMESTIC_INSURANCE_ICON",
                                "isVisible": true,
                                "badgeEnable": false,
                                "badgeText": "New",
                                "badgeColor": "#FF0000",
                                "imageUrl": "https://imgstatic.phonepe.com/images/app-icons-ia-1/wealth-management/insurance/%d/%d/DOM_TRAVEL_INS.png",
                                "name": "Devyani",
                                "deeplink": "phonepe://domHome",
                                "analytics": {
                                    "category": "INSURANCE",
                                    "action": "DOMESTIC_ICON_CLICK"
                                }
                            },
                            {
                                "id": "INTERNATIONAL_TRAVEL_INS_ICON",
                                "isVisible": true,
                                "badgeEnable": false,
                                "badgeText": "New",
                                "badgeColor": "#FF0000",
                                "imageUrl": "https://imgstatic.phonepe.com/images/app-icons-ia-1/wealth-management/insurance/%d/%d/INT_TRAVEL_INS.png",
                                "name": "Rolex Rings",
                                "deeplink": "phonepe://intTravHome",
                                "analytics": {
                                    "category": "INSURANCE",
                                    "action": "INTERNATIONAL_TRAVEL_INSURANCE_TAPPED"
                                }
                            }
                        ]
                    }
                }
            ]
        },
        {
            "id": "HEALTH_INSURANCE_SECTION_2",
            "name": "Most Active Stocks",
            "type": "ICON_GRID",
            "data": [{
                    "resolution": {
                        "isRequired": false,
                        "subType": "props"
                    },
                    "metaData": {
                        "title": "Most Active Stocks",
                        "isCardify": true
                    }
                },
                {
                    "resolution": {
                        "isRequired": true,
                        "subType": "value",
                        "type": "myMoneyIconGrid"
                    },
                    "metaData": {
                        "resourceId": "HEALTH_INSURANCE_SECTION",
                        "name": "Most Active Stocks",
                        "icons": [{
                                "id": "COVID_SACHET_ICON",
                                "isVisible": true,
                                "badgeEnable": false,
                                "badgeText": "New",
                                "badgeColor": "#FF0000",
                                "imageUrl": "https://imgstatic.phonepe.com/images/app-icons-ia-1/wealth-management/insurance/%d/%d/CORONA_INS.png",
                                "name": "Reliance",
                                "deeplink": "phonepe://sachetInsurance?category=HEALTH_INSURANCE&product=COVID",
                                "analytics": {
                                    "category": "HEALTH_INSURANCE",
                                    "action": "FS_INS_ICON_TAPPED",
                                    "info": {
                                        "product_type": "COVID"
                                    }
                                }
                            },
                            {
                                "id": "HOSPITAL_CASH_INS_ICON",
                                "isVisible": true,
                                "badgeEnable": true,
                                "badgeText": "New",
                                "badgeColor": "#FF0000",
                                "imageUrl": "https://imgstatic.phonepe.com/images/app-icons-ia-1/wealth-management/insurance/%d/%d/HOSPITAL_CASH_INS.png",
                                "name": "TCS",
                                "deeplink": "phonepe://sachetInsurance?category=HEALTH_INSURANCE&product=HOSPITAL_CASH",
                                "analytics": {
                                    "category": "HEALTH_INSURANCE",
                                    "action": "FS_INS_ICON_TAPPED",
                                    "info": {
                                        "product_type": "HOSPITAL_CASH"
                                    }
                                }
                            },
                            {
                                "id": "VBT_INSURANCE_ICON",
                                "isVisible": true,
                                "badgeEnable": true,
                                "badgeText": "New",
                                "badgeColor": "#FF0000",
                                "imageUrl": "https://imgstatic.phonepe.com/images/app-icons-ia-1/wealth-management/insurance/%d/%d/DENGUE_MALARIA_INS.png",
                                "name": "BHEL",
                                "deeplink": "phonepe://sachetInsurance?category=HEALTH_INSURANCE&product=DENGUE_MALARIA",
                                "analytics": {
                                    "category": "HEALTH_INSURANCE",
                                    "action": "FS_INS_ICON_TAPPED",
                                    "info": {
                                        "product_type": "DENGUE_MALARIA"
                                    }
                                }
                            },
                            {
                                "id": "ACCIDENT_INS_ICON",
                                "isVisible": true,
                                "badgeEnable": true,
                                "badgeText": "New",
                                "badgeColor": "#FF0000",
                                "imageUrl": "https://imgstatic.phonepe.com/images/app-icons-ia-1/wealth-management/insurance/%d/%d/PERSONAL_ACCIDENT_INS.png",
                                "name": "SBIN",
                                "deeplink": "phonepe://sachetInsurance?category=HEALTH_INSURANCE&product=ACCIDENT_COVER",
                                "analytics": {
                                    "category": "HEALTH_INSURANCE",
                                    "action": "FS_INS_ICON_TAPPED",
                                    "info": {
                                        "product_type": "ACCIDENT_COVER"
                                    }
                                }
                            }
                        ]
                    }
                }
            ]
        },
        {
            "id": "HEALTH_INSURANCE_SECTION_1",
            "name": "Top Gainers",
            "type": "ICON_GRID",
            "data": [{
                    "resolution": {
                        "isRequired": false,
                        "subType": "props"
                    },
                    "metaData": {
                        "title": "Top Gainers",
                        "isCardify": true
                    }
                },
                {
                    "resolution": {
                        "isRequired": true,
                        "subType": "value",
                        "type": "myMoneyIconGrid"
                    },
                    "metaData": {
                        "resourceId": "HEALTH_INSURANCE_SECTION_1",
                        "name": "Top Gainers",
                        "icons": [{
                                "id": "COVID_SACHET_ICON",
                                "isVisible": true,
                                "badgeEnable": false,
                                "badgeText": "New",
                                "badgeColor": "#FF0000",
                                "imageUrl": "https://imgstatic.phonepe.com/images/app-icons-ia-1/wealth-management/insurance/%d/%d/CORONA_INS.png",
                                "name": "EASEMY",
                                "deeplink": "phonepe://sachetInsurance?category=HEALTH_INSURANCE&product=COVID",
                                "analytics": {
                                    "category": "HEALTH_INSURANCE",
                                    "action": "FS_INS_ICON_TAPPED",
                                    "info": {
                                        "product_type": "COVID"
                                    }
                                }
                            },
                            {
                                "id": "HOSPITAL_CASH_INS_ICON",
                                "isVisible": true,
                                "badgeEnable": true,
                                "badgeText": "New",
                                "badgeColor": "#FF0000",
                                "imageUrl": "https://imgstatic.phonepe.com/images/app-icons-ia-1/wealth-management/insurance/%d/%d/HOSPITAL_CASH_INS.png",
                                "name": "MTAR",
                                "deeplink": "phonepe://sachetInsurance?category=HEALTH_INSURANCE&product=HOSPITAL_CASH",
                                "analytics": {
                                    "category": "HEALTH_INSURANCE",
                                    "action": "FS_INS_ICON_TAPPED",
                                    "info": {
                                        "product_type": "HOSPITAL_CASH"
                                    }
                                }
                            },
                            {
                                "id": "VBT_INSURANCE_ICON",
                                "isVisible": true,
                                "badgeEnable": true,
                                "badgeText": "New",
                                "badgeColor": "#FF0000",
                                "imageUrl": "https://imgstatic.phonepe.com/images/app-icons-ia-1/wealth-management/insurance/%d/%d/DENGUE_MALARIA_INS.png",
                                "name": "BEL",
                                "deeplink": "phonepe://sachetInsurance?category=HEALTH_INSURANCE&product=DENGUE_MALARIA",
                                "analytics": {
                                    "category": "HEALTH_INSURANCE",
                                    "action": "FS_INS_ICON_TAPPED",
                                    "info": {
                                        "product_type": "DENGUE_MALARIA"
                                    }
                                }
                            },
                            {
                                "id": "ACCIDENT_INS_ICON",
                                "isVisible": true,
                                "badgeEnable": true,
                                "badgeText": "New",
                                "badgeColor": "#FF0000",
                                "imageUrl": "https://imgstatic.phonepe.com/images/app-icons-ia-1/wealth-management/insurance/%d/%d/PERSONAL_ACCIDENT_INS.png",
                                "name": "SBICARD",
                                "deeplink": "phonepe://sachetInsurance?category=HEALTH_INSURANCE&product=ACCIDENT_COVER",
                                "analytics": {
                                    "category": "HEALTH_INSURANCE",
                                    "action": "FS_INS_ICON_TAPPED",
                                    "info": {
                                        "product_type": "ACCIDENT_COVER"
                                    }
                                }
                            }
                        ]
                    }
                }
            ]
        },
        {
            "id": "HEALTH_INSURANCE_SECTION",
            "name": "Health and Life Insurance",
            "type": "ICON_GRID_1",
            "data": [{
                    "resolution": {
                        "isRequired": false,
                        "subType": "props"
                    },
                    "metaData": {
                        "title": "Health and Life Insurance",
                        "isCardify": true
                    }
                },
                {
                    "resolution": {
                        "isRequired": true,
                        "subType": "value",
                        "type": "myMoneyIconGrid"
                    },
                    "metaData": {
                        "resourceId": "HEALTH_INSURANCE_SECTION",
                        "name": "Health and Life Insurance",
                        "icons": [{
                                "id": "COVID_SACHET_ICON",
                                "isVisible": true,
                                "badgeEnable": false,
                                "badgeText": "New",
                                "badgeColor": "#FF0000",
                                "imageUrl": "https://imgstatic.phonepe.com/images/app-icons-ia-1/wealth-management/insurance/%d/%d/CORONA_INS.png",
                                "name": "Coronavirus",
                                "deeplink": "phonepe://sachetInsurance?category=HEALTH_INSURANCE&product=COVID",
                                "analytics": {
                                    "category": "HEALTH_INSURANCE",
                                    "action": "FS_INS_ICON_TAPPED",
                                    "info": {
                                        "product_type": "COVID"
                                    }
                                }
                            },
                            {
                                "id": "HOSPITAL_CASH_INS_ICON",
                                "isVisible": true,
                                "badgeEnable": true,
                                "badgeText": "New",
                                "badgeColor": "#FF0000",
                                "imageUrl": "https://imgstatic.phonepe.com/images/app-icons-ia-1/wealth-management/insurance/%d/%d/HOSPITAL_CASH_INS.png",
                                "name": "Hospital Cash",
                                "deeplink": "phonepe://sachetInsurance?category=HEALTH_INSURANCE&product=HOSPITAL_CASH",
                                "analytics": {
                                    "category": "HEALTH_INSURANCE",
                                    "action": "FS_INS_ICON_TAPPED",
                                    "info": {
                                        "product_type": "HOSPITAL_CASH"
                                    }
                                }
                            },
                            {
                                "id": "VBT_INSURANCE_ICON",
                                "isVisible": true,
                                "badgeEnable": true,
                                "badgeText": "New",
                                "badgeColor": "#FF0000",
                                "imageUrl": "https://imgstatic.phonepe.com/images/app-icons-ia-1/wealth-management/insurance/%d/%d/DENGUE_MALARIA_INS.png",
                                "name": "Dengue and Malaria",
                                "deeplink": "phonepe://sachetInsurance?category=HEALTH_INSURANCE&product=DENGUE_MALARIA",
                                "analytics": {
                                    "category": "HEALTH_INSURANCE",
                                    "action": "FS_INS_ICON_TAPPED",
                                    "info": {
                                        "product_type": "DENGUE_MALARIA"
                                    }
                                }
                            },
                            {
                                "id": "ACCIDENT_INS_ICON",
                                "isVisible": true,
                                "badgeEnable": true,
                                "badgeText": "New",
                                "badgeColor": "#FF0000",
                                "imageUrl": "https://imgstatic.phonepe.com/images/app-icons-ia-1/wealth-management/insurance/%d/%d/PERSONAL_ACCIDENT_INS.png",
                                "name": "Accident",
                                "deeplink": "phonepe://sachetInsurance?category=HEALTH_INSURANCE&product=ACCIDENT_COVER",
                                "analytics": {
                                    "category": "HEALTH_INSURANCE",
                                    "action": "FS_INS_ICON_TAPPED",
                                    "info": {
                                        "product_type": "ACCIDENT_COVER"
                                    }
                                }
                            }
                        ]
                    }
                }
            ]
        },
        {
            "id": "TRAVEL_INSURANCE_SECTION",
            "name": "Travel Insurance",
            "type": "ICON_GRID",
            "data": [{
                    "resolution": {
                        "isRequired": false,
                        "subType": "props"
                    },
                    "metaData": {
                        "title": "Up Coming IPOs",
                        "isCardify": true
                    }
                },
                {
                    "resolution": {
                        "isRequired": true,
                        "subType": "value",
                        "type": "myMoneyIconGrid"
                    },
                    "metaData": {
                        "resourceId": "TRAVEL_INSURANCE_SECTION",
                        "name": "Up Coming IPOs",
                        "icons": [{
                                "id": "DOMESTIC_INSURANCE_ICON",
                                "isVisible": true,
                                "badgeEnable": false,
                                "badgeText": "New",
                                "badgeColor": "#FF0000",
                                "imageUrl": "https://imgstatic.phonepe.com/images/app-icons-ia-1/wealth-management/insurance/%d/%d/DOM_TRAVEL_INS.png",
                                "name": "Devyani",
                                "deeplink": "phonepe://domHome",
                                "analytics": {
                                    "category": "INSURANCE",
                                    "action": "DOMESTIC_ICON_CLICK"
                                }
                            },
                            {
                                "id": "INTERNATIONAL_TRAVEL_INS_ICON",
                                "isVisible": true,
                                "badgeEnable": false,
                                "badgeText": "New",
                                "badgeColor": "#FF0000",
                                "imageUrl": "https://imgstatic.phonepe.com/images/app-icons-ia-1/wealth-management/insurance/%d/%d/INT_TRAVEL_INS.png",
                                "name": "Rolex Rings",
                                "deeplink": "phonepe://intTravHome",
                                "analytics": {
                                    "category": "INSURANCE",
                                    "action": "INTERNATIONAL_TRAVEL_INSURANCE_TAPPED"
                                }
                            }
                        ]
                    }
                }
            ]
        },
        {
            "id": "HEALTH_INSURANCE_SECTION_2",
            "name": "Most Active Stocks",
            "type": "ICON_GRID",
            "data": [{
                    "resolution": {
                        "isRequired": false,
                        "subType": "props"
                    },
                    "metaData": {
                        "title": "Most Active Stocks",
                        "isCardify": true
                    }
                },
                {
                    "resolution": {
                        "isRequired": true,
                        "subType": "value",
                        "type": "myMoneyIconGrid"
                    },
                    "metaData": {
                        "resourceId": "HEALTH_INSURANCE_SECTION",
                        "name": "Most Active Stocks",
                        "icons": [{
                                "id": "COVID_SACHET_ICON",
                                "isVisible": true,
                                "badgeEnable": false,
                                "badgeText": "New",
                                "badgeColor": "#FF0000",
                                "imageUrl": "https://imgstatic.phonepe.com/images/app-icons-ia-1/wealth-management/insurance/%d/%d/CORONA_INS.png",
                                "name": "Reliance",
                                "deeplink": "phonepe://sachetInsurance?category=HEALTH_INSURANCE&product=COVID",
                                "analytics": {
                                    "category": "HEALTH_INSURANCE",
                                    "action": "FS_INS_ICON_TAPPED",
                                    "info": {
                                        "product_type": "COVID"
                                    }
                                }
                            },
                            {
                                "id": "HOSPITAL_CASH_INS_ICON",
                                "isVisible": true,
                                "badgeEnable": true,
                                "badgeText": "New",
                                "badgeColor": "#FF0000",
                                "imageUrl": "https://imgstatic.phonepe.com/images/app-icons-ia-1/wealth-management/insurance/%d/%d/HOSPITAL_CASH_INS.png",
                                "name": "TCS",
                                "deeplink": "phonepe://sachetInsurance?category=HEALTH_INSURANCE&product=HOSPITAL_CASH",
                                "analytics": {
                                    "category": "HEALTH_INSURANCE",
                                    "action": "FS_INS_ICON_TAPPED",
                                    "info": {
                                        "product_type": "HOSPITAL_CASH"
                                    }
                                }
                            },
                            {
                                "id": "VBT_INSURANCE_ICON",
                                "isVisible": true,
                                "badgeEnable": true,
                                "badgeText": "New",
                                "badgeColor": "#FF0000",
                                "imageUrl": "https://imgstatic.phonepe.com/images/app-icons-ia-1/wealth-management/insurance/%d/%d/DENGUE_MALARIA_INS.png",
                                "name": "BHEL",
                                "deeplink": "phonepe://sachetInsurance?category=HEALTH_INSURANCE&product=DENGUE_MALARIA",
                                "analytics": {
                                    "category": "HEALTH_INSURANCE",
                                    "action": "FS_INS_ICON_TAPPED",
                                    "info": {
                                        "product_type": "DENGUE_MALARIA"
                                    }
                                }
                            },
                            {
                                "id": "ACCIDENT_INS_ICON",
                                "isVisible": true,
                                "badgeEnable": true,
                                "badgeText": "New",
                                "badgeColor": "#FF0000",
                                "imageUrl": "https://imgstatic.phonepe.com/images/app-icons-ia-1/wealth-management/insurance/%d/%d/PERSONAL_ACCIDENT_INS.png",
                                "name": "SBIN",
                                "deeplink": "phonepe://sachetInsurance?category=HEALTH_INSURANCE&product=ACCIDENT_COVER",
                                "analytics": {
                                    "category": "HEALTH_INSURANCE",
                                    "action": "FS_INS_ICON_TAPPED",
                                    "info": {
                                        "product_type": "ACCIDENT_COVER"
                                    }
                                }
                            }
                        ]
                    }
                }
            ]
        },
        {
            "id": "HEALTH_INSURANCE_SECTION_1",
            "name": "Top Gainers",
            "type": "ICON_GRID",
            "data": [{
                    "resolution": {
                        "isRequired": false,
                        "subType": "props"
                    },
                    "metaData": {
                        "title": "Top Gainers",
                        "isCardify": true
                    }
                },
                {
                    "resolution": {
                        "isRequired": true,
                        "subType": "value",
                        "type": "myMoneyIconGrid"
                    },
                    "metaData": {
                        "resourceId": "HEALTH_INSURANCE_SECTION_1",
                        "name": "Top Gainers",
                        "icons": [{
                                "id": "COVID_SACHET_ICON",
                                "isVisible": true,
                                "badgeEnable": false,
                                "badgeText": "New",
                                "badgeColor": "#FF0000",
                                "imageUrl": "https://imgstatic.phonepe.com/images/app-icons-ia-1/wealth-management/insurance/%d/%d/CORONA_INS.png",
                                "name": "EASEMY",
                                "deeplink": "phonepe://sachetInsurance?category=HEALTH_INSURANCE&product=COVID",
                                "analytics": {
                                    "category": "HEALTH_INSURANCE",
                                    "action": "FS_INS_ICON_TAPPED",
                                    "info": {
                                        "product_type": "COVID"
                                    }
                                }
                            },
                            {
                                "id": "HOSPITAL_CASH_INS_ICON",
                                "isVisible": true,
                                "badgeEnable": true,
                                "badgeText": "New",
                                "badgeColor": "#FF0000",
                                "imageUrl": "https://imgstatic.phonepe.com/images/app-icons-ia-1/wealth-management/insurance/%d/%d/HOSPITAL_CASH_INS.png",
                                "name": "MTAR",
                                "deeplink": "phonepe://sachetInsurance?category=HEALTH_INSURANCE&product=HOSPITAL_CASH",
                                "analytics": {
                                    "category": "HEALTH_INSURANCE",
                                    "action": "FS_INS_ICON_TAPPED",
                                    "info": {
                                        "product_type": "HOSPITAL_CASH"
                                    }
                                }
                            },
                            {
                                "id": "VBT_INSURANCE_ICON",
                                "isVisible": true,
                                "badgeEnable": true,
                                "badgeText": "New",
                                "badgeColor": "#FF0000",
                                "imageUrl": "https://imgstatic.phonepe.com/images/app-icons-ia-1/wealth-management/insurance/%d/%d/DENGUE_MALARIA_INS.png",
                                "name": "BEL",
                                "deeplink": "phonepe://sachetInsurance?category=HEALTH_INSURANCE&product=DENGUE_MALARIA",
                                "analytics": {
                                    "category": "HEALTH_INSURANCE",
                                    "action": "FS_INS_ICON_TAPPED",
                                    "info": {
                                        "product_type": "DENGUE_MALARIA"
                                    }
                                }
                            },
                            {
                                "id": "ACCIDENT_INS_ICON",
                                "isVisible": true,
                                "badgeEnable": true,
                                "badgeText": "New",
                                "badgeColor": "#FF0000",
                                "imageUrl": "https://imgstatic.phonepe.com/images/app-icons-ia-1/wealth-management/insurance/%d/%d/PERSONAL_ACCIDENT_INS.png",
                                "name": "SBICARD",
                                "deeplink": "phonepe://sachetInsurance?category=HEALTH_INSURANCE&product=ACCIDENT_COVER",
                                "analytics": {
                                    "category": "HEALTH_INSURANCE",
                                    "action": "FS_INS_ICON_TAPPED",
                                    "info": {
                                        "product_type": "ACCIDENT_COVER"
                                    }
                                }
                            }
                        ]
                    }
                }
            ]
        },
        {
            "id": "HEALTH_INSURANCE_SECTION",
            "name": "Health and Life Insurance",
            "type": "ICON_GRID_1",
            "data": [{
                    "resolution": {
                        "isRequired": false,
                        "subType": "props"
                    },
                    "metaData": {
                        "title": "Health and Life Insurance",
                        "isCardify": true
                    }
                },
                {
                    "resolution": {
                        "isRequired": true,
                        "subType": "value",
                        "type": "myMoneyIconGrid"
                    },
                    "metaData": {
                        "resourceId": "HEALTH_INSURANCE_SECTION",
                        "name": "Health and Life Insurance",
                        "icons": [{
                                "id": "COVID_SACHET_ICON",
                                "isVisible": true,
                                "badgeEnable": false,
                                "badgeText": "New",
                                "badgeColor": "#FF0000",
                                "imageUrl": "https://imgstatic.phonepe.com/images/app-icons-ia-1/wealth-management/insurance/%d/%d/CORONA_INS.png",
                                "name": "Coronavirus",
                                "deeplink": "phonepe://sachetInsurance?category=HEALTH_INSURANCE&product=COVID",
                                "analytics": {
                                    "category": "HEALTH_INSURANCE",
                                    "action": "FS_INS_ICON_TAPPED",
                                    "info": {
                                        "product_type": "COVID"
                                    }
                                }
                            },
                            {
                                "id": "HOSPITAL_CASH_INS_ICON",
                                "isVisible": true,
                                "badgeEnable": true,
                                "badgeText": "New",
                                "badgeColor": "#FF0000",
                                "imageUrl": "https://imgstatic.phonepe.com/images/app-icons-ia-1/wealth-management/insurance/%d/%d/HOSPITAL_CASH_INS.png",
                                "name": "Hospital Cash",
                                "deeplink": "phonepe://sachetInsurance?category=HEALTH_INSURANCE&product=HOSPITAL_CASH",
                                "analytics": {
                                    "category": "HEALTH_INSURANCE",
                                    "action": "FS_INS_ICON_TAPPED",
                                    "info": {
                                        "product_type": "HOSPITAL_CASH"
                                    }
                                }
                            },
                            {
                                "id": "VBT_INSURANCE_ICON",
                                "isVisible": true,
                                "badgeEnable": true,
                                "badgeText": "New",
                                "badgeColor": "#FF0000",
                                "imageUrl": "https://imgstatic.phonepe.com/images/app-icons-ia-1/wealth-management/insurance/%d/%d/DENGUE_MALARIA_INS.png",
                                "name": "Dengue and Malaria",
                                "deeplink": "phonepe://sachetInsurance?category=HEALTH_INSURANCE&product=DENGUE_MALARIA",
                                "analytics": {
                                    "category": "HEALTH_INSURANCE",
                                    "action": "FS_INS_ICON_TAPPED",
                                    "info": {
                                        "product_type": "DENGUE_MALARIA"
                                    }
                                }
                            },
                            {
                                "id": "ACCIDENT_INS_ICON",
                                "isVisible": true,
                                "badgeEnable": true,
                                "badgeText": "New",
                                "badgeColor": "#FF0000",
                                "imageUrl": "https://imgstatic.phonepe.com/images/app-icons-ia-1/wealth-management/insurance/%d/%d/PERSONAL_ACCIDENT_INS.png",
                                "name": "Accident",
                                "deeplink": "phonepe://sachetInsurance?category=HEALTH_INSURANCE&product=ACCIDENT_COVER",
                                "analytics": {
                                    "category": "HEALTH_INSURANCE",
                                    "action": "FS_INS_ICON_TAPPED",
                                    "info": {
                                        "product_type": "ACCIDENT_COVER"
                                    }
                                }
                            }
                        ]
                    }
                }
            ]
        },
        {
            "id": "TRAVEL_INSURANCE_SECTION",
            "name": "Travel Insurance",
            "type": "ICON_GRID",
            "data": [{
                    "resolution": {
                        "isRequired": false,
                        "subType": "props"
                    },
                    "metaData": {
                        "title": "Up Coming IPOs",
                        "isCardify": true
                    }
                },
                {
                    "resolution": {
                        "isRequired": true,
                        "subType": "value",
                        "type": "myMoneyIconGrid"
                    },
                    "metaData": {
                        "resourceId": "TRAVEL_INSURANCE_SECTION",
                        "name": "Up Coming IPOs",
                        "icons": [{
                                "id": "DOMESTIC_INSURANCE_ICON",
                                "isVisible": true,
                                "badgeEnable": false,
                                "badgeText": "New",
                                "badgeColor": "#FF0000",
                                "imageUrl": "https://imgstatic.phonepe.com/images/app-icons-ia-1/wealth-management/insurance/%d/%d/DOM_TRAVEL_INS.png",
                                "name": "Devyani",
                                "deeplink": "phonepe://domHome",
                                "analytics": {
                                    "category": "INSURANCE",
                                    "action": "DOMESTIC_ICON_CLICK"
                                }
                            },
                            {
                                "id": "INTERNATIONAL_TRAVEL_INS_ICON",
                                "isVisible": true,
                                "badgeEnable": false,
                                "badgeText": "New",
                                "badgeColor": "#FF0000",
                                "imageUrl": "https://imgstatic.phonepe.com/images/app-icons-ia-1/wealth-management/insurance/%d/%d/INT_TRAVEL_INS.png",
                                "name": "Rolex Rings",
                                "deeplink": "phonepe://intTravHome",
                                "analytics": {
                                    "category": "INSURANCE",
                                    "action": "INTERNATIONAL_TRAVEL_INSURANCE_TAPPED"
                                }
                            }
                        ]
                    }
                }
            ]
        },
        {
            "id": "HEALTH_INSURANCE_SECTION_2",
            "name": "Most Active Stocks",
            "type": "ICON_GRID",
            "data": [{
                    "resolution": {
                        "isRequired": false,
                        "subType": "props"
                    },
                    "metaData": {
                        "title": "Most Active Stocks",
                        "isCardify": true
                    }
                },
                {
                    "resolution": {
                        "isRequired": true,
                        "subType": "value",
                        "type": "myMoneyIconGrid"
                    },
                    "metaData": {
                        "resourceId": "HEALTH_INSURANCE_SECTION",
                        "name": "Most Active Stocks",
                        "icons": [{
                                "id": "COVID_SACHET_ICON",
                                "isVisible": true,
                                "badgeEnable": false,
                                "badgeText": "New",
                                "badgeColor": "#FF0000",
                                "imageUrl": "https://imgstatic.phonepe.com/images/app-icons-ia-1/wealth-management/insurance/%d/%d/CORONA_INS.png",
                                "name": "Reliance",
                                "deeplink": "phonepe://sachetInsurance?category=HEALTH_INSURANCE&product=COVID",
                                "analytics": {
                                    "category": "HEALTH_INSURANCE",
                                    "action": "FS_INS_ICON_TAPPED",
                                    "info": {
                                        "product_type": "COVID"
                                    }
                                }
                            },
                            {
                                "id": "HOSPITAL_CASH_INS_ICON",
                                "isVisible": true,
                                "badgeEnable": true,
                                "badgeText": "New",
                                "badgeColor": "#FF0000",
                                "imageUrl": "https://imgstatic.phonepe.com/images/app-icons-ia-1/wealth-management/insurance/%d/%d/HOSPITAL_CASH_INS.png",
                                "name": "TCS",
                                "deeplink": "phonepe://sachetInsurance?category=HEALTH_INSURANCE&product=HOSPITAL_CASH",
                                "analytics": {
                                    "category": "HEALTH_INSURANCE",
                                    "action": "FS_INS_ICON_TAPPED",
                                    "info": {
                                        "product_type": "HOSPITAL_CASH"
                                    }
                                }
                            },
                            {
                                "id": "VBT_INSURANCE_ICON",
                                "isVisible": true,
                                "badgeEnable": true,
                                "badgeText": "New",
                                "badgeColor": "#FF0000",
                                "imageUrl": "https://imgstatic.phonepe.com/images/app-icons-ia-1/wealth-management/insurance/%d/%d/DENGUE_MALARIA_INS.png",
                                "name": "BHEL",
                                "deeplink": "phonepe://sachetInsurance?category=HEALTH_INSURANCE&product=DENGUE_MALARIA",
                                "analytics": {
                                    "category": "HEALTH_INSURANCE",
                                    "action": "FS_INS_ICON_TAPPED",
                                    "info": {
                                        "product_type": "DENGUE_MALARIA"
                                    }
                                }
                            },
                            {
                                "id": "ACCIDENT_INS_ICON",
                                "isVisible": true,
                                "badgeEnable": true,
                                "badgeText": "New",
                                "badgeColor": "#FF0000",
                                "imageUrl": "https://imgstatic.phonepe.com/images/app-icons-ia-1/wealth-management/insurance/%d/%d/PERSONAL_ACCIDENT_INS.png",
                                "name": "SBIN",
                                "deeplink": "phonepe://sachetInsurance?category=HEALTH_INSURANCE&product=ACCIDENT_COVER",
                                "analytics": {
                                    "category": "HEALTH_INSURANCE",
                                    "action": "FS_INS_ICON_TAPPED",
                                    "info": {
                                        "product_type": "ACCIDENT_COVER"
                                    }
                                }
                            }
                        ]
                    }
                }
            ]
        },
        {
            "id": "HEALTH_INSURANCE_SECTION_1",
            "name": "Top Gainers",
            "type": "ICON_GRID",
            "data": [{
                    "resolution": {
                        "isRequired": false,
                        "subType": "props"
                    },
                    "metaData": {
                        "title": "Top Gainers",
                        "isCardify": true
                    }
                },
                {
                    "resolution": {
                        "isRequired": true,
                        "subType": "value",
                        "type": "myMoneyIconGrid"
                    },
                    "metaData": {
                        "resourceId": "HEALTH_INSURANCE_SECTION_1",
                        "name": "Top Gainers",
                        "icons": [{
                                "id": "COVID_SACHET_ICON",
                                "isVisible": true,
                                "badgeEnable": false,
                                "badgeText": "New",
                                "badgeColor": "#FF0000",
                                "imageUrl": "https://imgstatic.phonepe.com/images/app-icons-ia-1/wealth-management/insurance/%d/%d/CORONA_INS.png",
                                "name": "EASEMY",
                                "deeplink": "phonepe://sachetInsurance?category=HEALTH_INSURANCE&product=COVID",
                                "analytics": {
                                    "category": "HEALTH_INSURANCE",
                                    "action": "FS_INS_ICON_TAPPED",
                                    "info": {
                                        "product_type": "COVID"
                                    }
                                }
                            },
                            {
                                "id": "HOSPITAL_CASH_INS_ICON",
                                "isVisible": true,
                                "badgeEnable": true,
                                "badgeText": "New",
                                "badgeColor": "#FF0000",
                                "imageUrl": "https://imgstatic.phonepe.com/images/app-icons-ia-1/wealth-management/insurance/%d/%d/HOSPITAL_CASH_INS.png",
                                "name": "MTAR",
                                "deeplink": "phonepe://sachetInsurance?category=HEALTH_INSURANCE&product=HOSPITAL_CASH",
                                "analytics": {
                                    "category": "HEALTH_INSURANCE",
                                    "action": "FS_INS_ICON_TAPPED",
                                    "info": {
                                        "product_type": "HOSPITAL_CASH"
                                    }
                                }
                            },
                            {
                                "id": "VBT_INSURANCE_ICON",
                                "isVisible": true,
                                "badgeEnable": true,
                                "badgeText": "New",
                                "badgeColor": "#FF0000",
                                "imageUrl": "https://imgstatic.phonepe.com/images/app-icons-ia-1/wealth-management/insurance/%d/%d/DENGUE_MALARIA_INS.png",
                                "name": "BEL",
                                "deeplink": "phonepe://sachetInsurance?category=HEALTH_INSURANCE&product=DENGUE_MALARIA",
                                "analytics": {
                                    "category": "HEALTH_INSURANCE",
                                    "action": "FS_INS_ICON_TAPPED",
                                    "info": {
                                        "product_type": "DENGUE_MALARIA"
                                    }
                                }
                            },
                            {
                                "id": "ACCIDENT_INS_ICON",
                                "isVisible": true,
                                "badgeEnable": true,
                                "badgeText": "New",
                                "badgeColor": "#FF0000",
                                "imageUrl": "https://imgstatic.phonepe.com/images/app-icons-ia-1/wealth-management/insurance/%d/%d/PERSONAL_ACCIDENT_INS.png",
                                "name": "SBICARD",
                                "deeplink": "phonepe://sachetInsurance?category=HEALTH_INSURANCE&product=ACCIDENT_COVER",
                                "analytics": {
                                    "category": "HEALTH_INSURANCE",
                                    "action": "FS_INS_ICON_TAPPED",
                                    "info": {
                                        "product_type": "ACCIDENT_COVER"
                                    }
                                }
                            }
                        ]
                    }
                }
            ]
        },
        {
            "id": "HEALTH_INSURANCE_SECTION",
            "name": "Health and Life Insurance",
            "type": "ICON_GRID_1",
            "data": [{
                    "resolution": {
                        "isRequired": false,
                        "subType": "props"
                    },
                    "metaData": {
                        "title": "Health and Life Insurance",
                        "isCardify": true
                    }
                },
                {
                    "resolution": {
                        "isRequired": true,
                        "subType": "value",
                        "type": "myMoneyIconGrid"
                    },
                    "metaData": {
                        "resourceId": "HEALTH_INSURANCE_SECTION",
                        "name": "Health and Life Insurance",
                        "icons": [{
                                "id": "COVID_SACHET_ICON",
                                "isVisible": true,
                                "badgeEnable": false,
                                "badgeText": "New",
                                "badgeColor": "#FF0000",
                                "imageUrl": "https://imgstatic.phonepe.com/images/app-icons-ia-1/wealth-management/insurance/%d/%d/CORONA_INS.png",
                                "name": "Coronavirus",
                                "deeplink": "phonepe://sachetInsurance?category=HEALTH_INSURANCE&product=COVID",
                                "analytics": {
                                    "category": "HEALTH_INSURANCE",
                                    "action": "FS_INS_ICON_TAPPED",
                                    "info": {
                                        "product_type": "COVID"
                                    }
                                }
                            },
                            {
                                "id": "HOSPITAL_CASH_INS_ICON",
                                "isVisible": true,
                                "badgeEnable": true,
                                "badgeText": "New",
                                "badgeColor": "#FF0000",
                                "imageUrl": "https://imgstatic.phonepe.com/images/app-icons-ia-1/wealth-management/insurance/%d/%d/HOSPITAL_CASH_INS.png",
                                "name": "Hospital Cash",
                                "deeplink": "phonepe://sachetInsurance?category=HEALTH_INSURANCE&product=HOSPITAL_CASH",
                                "analytics": {
                                    "category": "HEALTH_INSURANCE",
                                    "action": "FS_INS_ICON_TAPPED",
                                    "info": {
                                        "product_type": "HOSPITAL_CASH"
                                    }
                                }
                            },
                            {
                                "id": "VBT_INSURANCE_ICON",
                                "isVisible": true,
                                "badgeEnable": true,
                                "badgeText": "New",
                                "badgeColor": "#FF0000",
                                "imageUrl": "https://imgstatic.phonepe.com/images/app-icons-ia-1/wealth-management/insurance/%d/%d/DENGUE_MALARIA_INS.png",
                                "name": "Dengue and Malaria",
                                "deeplink": "phonepe://sachetInsurance?category=HEALTH_INSURANCE&product=DENGUE_MALARIA",
                                "analytics": {
                                    "category": "HEALTH_INSURANCE",
                                    "action": "FS_INS_ICON_TAPPED",
                                    "info": {
                                        "product_type": "DENGUE_MALARIA"
                                    }
                                }
                            },
                            {
                                "id": "ACCIDENT_INS_ICON",
                                "isVisible": true,
                                "badgeEnable": true,
                                "badgeText": "New",
                                "badgeColor": "#FF0000",
                                "imageUrl": "https://imgstatic.phonepe.com/images/app-icons-ia-1/wealth-management/insurance/%d/%d/PERSONAL_ACCIDENT_INS.png",
                                "name": "Accident",
                                "deeplink": "phonepe://sachetInsurance?category=HEALTH_INSURANCE&product=ACCIDENT_COVER",
                                "analytics": {
                                    "category": "HEALTH_INSURANCE",
                                    "action": "FS_INS_ICON_TAPPED",
                                    "info": {
                                        "product_type": "ACCIDENT_COVER"
                                    }
                                }
                            }
                        ]
                    }
                }
            ]
        }
    ]
}
