{"v":"5.9.1","fr":60,"ip":0,"op":180,"w":600,"h":600,"nm":"Portfolio1","ddd":0,"assets":[],"layers":[{"ddd":0,"ind":1,"ty":4,"nm":"white-stroke","parent":3,"sr":1,"ks":{"o":{"a":0,"k":100,"ix":11},"r":{"a":0,"k":0,"ix":10},"p":{"a":0,"k":[2.014,9,0],"ix":2,"l":2},"a":{"a":0,"k":[0,0,0],"ix":1,"l":2},"s":{"a":1,"k":[{"i":{"x":[0.667,0.667,0.667],"y":[1,1,1]},"o":{"x":[0.333,0.333,0.333],"y":[0,0,0]},"t":19,"s":[100,100,100]},{"i":{"x":[0.667,0.667,0.667],"y":[1,1,1]},"o":{"x":[0.333,0.333,0.333],"y":[0,0,0]},"t":26,"s":[105,105,100]},{"i":{"x":[0.667,0.667,0.667],"y":[1,1,1]},"o":{"x":[0.333,0.333,0.333],"y":[0,0,0]},"t":32,"s":[96,96,100]},{"i":{"x":[0.667,0.667,0.667],"y":[1,1,1]},"o":{"x":[0.333,0.333,0.333],"y":[0,0,0]},"t":37,"s":[103,103,100]},{"t":42,"s":[100,100,100]}],"ix":6,"l":2}},"ao":0,"shapes":[{"ty":"gr","it":[{"ind":0,"ty":"sh","ix":1,"ks":{"a":0,"k":{"i":[[0,-11.046],[0,0],[11.046,0],[0,0],[0,11.046],[0,0],[-11.046,0],[0,0]],"o":[[0,0],[0,11.046],[0,0],[-11.046,0],[0,0],[0,-11.046],[0,0],[11.046,0]],"v":[[220.514,-132.415],[220.514,125.539],[200.514,145.539],[-192.514,145.539],[-212.514,125.539],[-212.514,-132.415],[-192.514,-152.415],[200.514,-152.415]],"c":true},"ix":2},"nm":"Path 1","mn":"ADBE Vector Shape - Group","hd":false},{"ty":"st","c":{"a":0,"k":[1,1,1,1],"ix":3},"o":{"a":0,"k":100,"ix":4},"w":{"a":0,"k":60,"ix":5},"lc":2,"lj":2,"bm":0,"nm":"Stroke 1","mn":"ADBE Vector Graphic - Stroke","hd":false},{"ty":"tr","p":{"a":0,"k":[2.514,50.539],"ix":2},"a":{"a":0,"k":[0,0],"ix":1},"s":{"a":0,"k":[100,100],"ix":3},"r":{"a":0,"k":0,"ix":6},"o":{"a":0,"k":100,"ix":7},"sk":{"a":0,"k":0,"ix":4},"sa":{"a":0,"k":0,"ix":5},"nm":"Transform"}],"nm":"Rectangle 1","np":3,"cix":2,"bm":0,"ix":1,"mn":"ADBE Vector Group","hd":false},{"ty":"tm","s":{"a":1,"k":[{"i":{"x":[0.667],"y":[1]},"o":{"x":[0.333],"y":[0]},"t":21,"s":[50]},{"i":{"x":[0.667],"y":[1]},"o":{"x":[0.333],"y":[0]},"t":30,"s":[99]},{"i":{"x":[0.833],"y":[1]},"o":{"x":[0.167],"y":[0]},"t":39,"s":[99]},{"i":{"x":[0.833],"y":[1]},"o":{"x":[0.167],"y":[0]},"t":48,"s":[99]},{"t":60,"s":[100]}],"ix":1},"e":{"a":1,"k":[{"i":{"x":[0.667],"y":[1]},"o":{"x":[0.333],"y":[0]},"t":21,"s":[50]},{"i":{"x":[0.667],"y":[1]},"o":{"x":[0.333],"y":[0]},"t":30,"s":[62]},{"i":{"x":[0.667],"y":[1]},"o":{"x":[0.12],"y":[-0.001]},"t":39,"s":[53]},{"i":{"x":[0.667],"y":[1]},"o":{"x":[0.12],"y":[0]},"t":44,"s":[53]},{"t":60,"s":[100]}],"ix":2},"o":{"a":1,"k":[{"i":{"x":[0.667],"y":[1]},"o":{"x":[0.333],"y":[0]},"t":30,"s":[0]},{"i":{"x":[0.555],"y":[0.854]},"o":{"x":[0.133],"y":[0]},"t":39,"s":[355]},{"i":{"x":[0.711],"y":[1]},"o":{"x":[0.35],"y":[-0.183]},"t":44,"s":[345]},{"t":48,"s":[350]}],"ix":3},"m":1,"ix":2,"nm":"Trim Paths 1","mn":"ADBE Vector Filter - Trim","hd":false}],"ip":0,"op":60,"st":0,"bm":0},{"ddd":0,"ind":2,"ty":4,"nm":"portfolio-placeholder","sr":1,"ks":{"o":{"a":1,"k":[{"i":{"x":[0.833],"y":[0.833]},"o":{"x":[0.167],"y":[0.167]},"t":142,"s":[0]},{"t":152,"s":[100]}],"ix":11},"r":{"a":0,"k":0,"ix":10},"p":{"a":0,"k":[300.204,300.499,0],"ix":2,"l":2},"a":{"a":0,"k":[275.587,257.396,0],"ix":1,"l":2},"s":{"a":0,"k":[100,100,100],"ix":6,"l":2}},"ao":0,"shapes":[{"ty":"gr","it":[{"ind":0,"ty":"sh","ix":1,"ks":{"a":0,"k":{"i":[[0,0],[0,0],[0,0],[10.852,0],[0,0],[0,-10.854],[0,0],[0,0],[0,0],[-32.826,0],[0,0],[0,-32.825]],"o":[[0,0],[0,0],[0,-10.854],[0,0],[-10.854,0],[0,0],[0,0],[0,0],[0,-32.825],[0,0],[32.824,0],[0,0]],"v":[[116.197,60.488],[78.491,60.488],[78.491,-0.927],[58.637,-20.78],[-57.635,-20.78],[-77.489,-0.927],[-77.489,60.488],[-116.197,60.488],[-116.197,-0.927],[-56.635,-60.488],[58.637,-60.488],[116.197,-0.927]],"c":true},"ix":2},"nm":"Path 1","mn":"ADBE Vector Shape - Group","hd":false},{"ty":"fl","c":{"a":0,"k":[0.545098039216,0.556862745098,0.635294117647,1],"ix":4},"o":{"a":0,"k":100,"ix":5},"r":1,"bm":0,"nm":"Fill 1","mn":"ADBE Vector Graphic - Fill","hd":false},{"ty":"tr","p":{"a":0,"k":[275.038,60.738],"ix":2},"a":{"a":0,"k":[0,0],"ix":1},"s":{"a":0,"k":[100,100],"ix":3},"r":{"a":0,"k":0,"ix":6},"o":{"a":0,"k":100,"ix":7},"sk":{"a":0,"k":0,"ix":4},"sa":{"a":0,"k":0,"ix":5},"nm":"Transform"}],"nm":"Group 1","np":2,"cix":2,"bm":0,"ix":1,"mn":"ADBE Vector Group","hd":false},{"ty":"gr","it":[{"ind":0,"ty":"sh","ix":1,"ks":{"a":0,"k":{"i":[[0,0],[0,-18.266],[0,0],[-18.266,0],[0,0],[0,18.266],[0,0],[18.266,0]],"o":[[-18.266,0],[0,0],[0,18.266],[0,0],[18.266,0],[0,0],[0,-18.266],[0,0]],"v":[[-202.54,-170.626],[-235.63,-137.536],[-235.63,137.536],[-202.54,170.629],[202.54,170.629],[235.631,137.536],[235.631,-137.536],[202.54,-170.626]],"c":true},"ix":2},"nm":"Path 1","mn":"ADBE Vector Shape - Group","hd":false},{"ind":1,"ty":"sh","ix":2,"ks":{"a":0,"k":{"i":[[40.24,0],[0,0],[0,40.237],[0,0],[-40.238,0],[0,0],[0,-40.237],[0,0]],"o":[[0,0],[-40.238,0],[0,0],[0,-40.237],[0,0],[40.24,0],[0,0],[0,40.237]],"v":[[202.539,210.335],[-202.54,210.335],[-275.337,137.536],[-275.337,-137.536],[-202.54,-210.335],[202.539,-210.335],[275.337,-137.536],[275.337,137.536]],"c":true},"ix":2},"nm":"Path 2","mn":"ADBE Vector Shape - Group","hd":false},{"ty":"mm","mm":1,"nm":"Merge Paths 1","mn":"ADBE Vector Filter - Merge","hd":false},{"ty":"fl","c":{"a":0,"k":[0.545098039216,0.556862745098,0.635294117647,1],"ix":4},"o":{"a":0,"k":100,"ix":5},"r":1,"bm":0,"nm":"Fill 1","mn":"ADBE Vector Graphic - Fill","hd":false},{"ty":"tr","p":{"a":0,"k":[275.587,304.207],"ix":2},"a":{"a":0,"k":[0,0],"ix":1},"s":{"a":0,"k":[100,100],"ix":3},"r":{"a":0,"k":0,"ix":6},"o":{"a":0,"k":100,"ix":7},"sk":{"a":0,"k":0,"ix":4},"sa":{"a":0,"k":0,"ix":5},"nm":"Transform"}],"nm":"Group 2","np":4,"cix":2,"bm":0,"ix":2,"mn":"ADBE Vector Group","hd":false},{"ty":"gr","it":[{"ind":0,"ty":"sh","ix":1,"ks":{"a":0,"k":{"i":[[0,0],[0,0],[0,-24.562],[0,0],[-0.008,-1.856]],"o":[[0,0],[-24.562,0],[0,0],[0,2.058],[0,0]],"v":[[199.538,-130.032],[-174.976,-130.032],[-199.445,-95.558],[-199.445,124.169],[-199.437,130.032]],"c":false},"ix":2},"nm":"Path 1","mn":"ADBE Vector Shape - Group","hd":false},{"ty":"st","c":{"a":0,"k":[1,1,1,1],"ix":3},"o":{"a":0,"k":100,"ix":4},"w":{"a":0,"k":67.2,"ix":5},"lc":2,"lj":2,"bm":0,"nm":"Stroke 1","mn":"ADBE Vector Graphic - Stroke","hd":false},{"ty":"tr","p":{"a":0,"k":[265.422,294.756],"ix":2},"a":{"a":0,"k":[0,0],"ix":1},"s":{"a":0,"k":[100,100],"ix":3},"r":{"a":0,"k":0,"ix":6},"o":{"a":0,"k":100,"ix":7},"sk":{"a":0,"k":0,"ix":4},"sa":{"a":0,"k":0,"ix":5},"nm":"Transform"}],"nm":"Group 3","np":2,"cix":2,"bm":0,"ix":3,"mn":"ADBE Vector Group","hd":false},{"ty":"gr","it":[{"ind":0,"ty":"sh","ix":1,"ks":{"a":0,"k":{"i":[[29.239,0],[0,0],[0,-29.24],[0,0],[-29.24,0],[0,0],[0,29.24],[0,0]],"o":[[0,0],[-29.24,0],[0,0],[0,29.24],[0,0],[29.239,0],[0,0],[0,-29.24]],"v":[[189.54,-188.48],[-189.541,-188.48],[-242.485,-135.536],[-242.485,135.536],[-189.541,188.48],[189.54,188.48],[242.484,135.536],[242.484,-135.536]],"c":true},"ix":2},"nm":"Path 1","mn":"ADBE Vector Shape - Group","hd":false},{"ty":"fl","c":{"a":0,"k":[0.945098099054,0.945098099054,0.956862804936,1],"ix":4},"o":{"a":0,"k":100,"ix":5},"r":1,"bm":0,"nm":"Fill 1","mn":"ADBE Vector Graphic - Fill","hd":false},{"ty":"tr","p":{"a":0,"k":[274.578,305.25],"ix":2},"a":{"a":0,"k":[0,0],"ix":1},"s":{"a":0,"k":[100,100],"ix":3},"r":{"a":0,"k":0,"ix":6},"o":{"a":0,"k":100,"ix":7},"sk":{"a":0,"k":0,"ix":4},"sa":{"a":0,"k":0,"ix":5},"nm":"Transform"}],"nm":"Group 5","np":2,"cix":2,"bm":0,"ix":4,"mn":"ADBE Vector Group","hd":false}],"ip":141,"op":334,"st":153,"bm":0},{"ddd":0,"ind":3,"ty":3,"nm":"portfolio-master-ctrl","sr":1,"ks":{"o":{"a":0,"k":0,"ix":11},"r":{"a":0,"k":0,"ix":10},"p":{"a":0,"k":[294,291,0],"ix":2,"l":2},"a":{"a":0,"k":[0,0,0],"ix":1,"l":2},"s":{"a":1,"k":[{"i":{"x":[0.768,0.768,0.667],"y":[1,1,1]},"o":{"x":[0.791,0.791,0.333],"y":[-0.022,-0.022,0]},"t":-0.001,"s":[100,100,100]},{"i":{"x":[0.192,0.192,0.667],"y":[1.016,1.016,1]},"o":{"x":[0.333,0.333,0.333],"y":[0,0,0]},"t":5.999,"s":[90,90,100]},{"i":{"x":[0.667,0.667,0.667],"y":[1,1,1]},"o":{"x":[0.167,0.167,0.167],"y":[0,0,0]},"t":12.013,"s":[100,100,100]},{"i":{"x":[0.833,0.833,0.833],"y":[1,1,1]},"o":{"x":[0.333,0.333,0.333],"y":[0,0,0]},"t":22.357,"s":[100,100,100]},{"i":{"x":[0.667,0.667,0.667],"y":[1,1,1]},"o":{"x":[0.333,0.333,0.333],"y":[0,0,0]},"t":29.073,"s":[107,107,100]},{"i":{"x":[0.667,0.667,0.667],"y":[1,1,1]},"o":{"x":[0.333,0.333,0.333],"y":[0,0,0]},"t":34.644,"s":[100,100,100]},{"i":{"x":[0.667,0.667,0.667],"y":[1,1,1]},"o":{"x":[0.333,0.333,0.333],"y":[0,0,0]},"t":38.825,"s":[102,102,100]},{"t":42.99926684497,"s":[100,100,100]}],"ix":6,"l":2}},"ao":0,"ip":0,"op":185,"st":-30.03003003003,"bm":0},{"ddd":0,"ind":4,"ty":4,"nm":"account-active 7","parent":3,"sr":1,"ks":{"o":{"a":0,"k":100,"ix":11},"r":{"a":0,"k":0,"ix":10},"p":{"a":0,"k":[5.195,57.353,0],"ix":2,"l":2},"a":{"a":0,"k":[305.195,357.353,0],"ix":1,"l":2},"s":{"a":1,"k":[{"i":{"x":[0,0,0.667],"y":[1.014,1.014,1]},"o":{"x":[0.333,0.333,0.333],"y":[0,0,0]},"t":14.02,"s":[0,0,100]},{"i":{"x":[0,0,0.667],"y":[1,1,1]},"o":{"x":[0.167,0.167,0.167],"y":[0,0,0]},"t":19,"s":[99.4,99.4,100]},{"i":{"x":[0.833,0.833,0.833],"y":[1,1,1]},"o":{"x":[0.167,0.167,0.167],"y":[0,0,0]},"t":141,"s":[100,100,100]},{"t":148.000439893018,"s":[99.8,99.8,100]}],"ix":6,"l":2}},"ao":0,"shapes":[{"ty":"gr","it":[{"ind":0,"ty":"sh","ix":1,"ks":{"a":0,"k":{"i":[[29.239,0],[0,0],[0,-29.24],[0,0],[-29.24,0],[0,0],[0,29.24],[0,0]],"o":[[0,0],[-29.24,0],[0,0],[0,29.24],[0,0],[29.239,0],[0,0],[0,-29.24]],"v":[[204.54,-192.48],[-202.541,-192.48],[-255.485,-139.536],[-255.485,135.536],[-202.541,188.48],[204.54,188.48],[257.484,135.536],[257.484,-139.536]],"c":true},"ix":2},"nm":"Path 1","mn":"ADBE Vector Shape - Group","hd":false},{"ty":"tr","p":{"a":0,"k":[305.195,357.353],"ix":2},"a":{"a":0,"k":[0,0],"ix":1},"s":{"a":0,"k":[100,100],"ix":3},"r":{"a":0,"k":0,"ix":6},"o":{"a":0,"k":100,"ix":7},"sk":{"a":0,"k":0,"ix":4},"sa":{"a":0,"k":0,"ix":5},"nm":"Transform"}],"nm":"Group 4","np":1,"cix":2,"bm":0,"ix":1,"mn":"ADBE Vector Group","hd":false},{"ty":"tm","s":{"a":1,"k":[{"i":{"x":[0.667],"y":[1]},"o":{"x":[0.333],"y":[0]},"t":19,"s":[100]},{"t":35.000439893018,"s":[0]}],"ix":1},"e":{"a":0,"k":100,"ix":2},"o":{"a":1,"k":[{"i":{"x":[0.667],"y":[1]},"o":{"x":[0.333],"y":[0]},"t":19,"s":[177]},{"t":35.000439893018,"s":[160]}],"ix":3},"m":1,"ix":2,"nm":"Trim Paths 1","mn":"ADBE Vector Filter - Trim","hd":false},{"ty":"st","c":{"a":0,"k":[0.372549019608,0.090196078431,0.772549019608,1],"ix":3},"o":{"a":0,"k":100,"ix":4},"w":{"a":0,"k":40,"ix":5},"lc":2,"lj":2,"bm":0,"nm":"Stroke 1","mn":"ADBE Vector Graphic - Stroke","hd":false}],"ip":19.018018018018,"op":161,"st":19.018018018018,"bm":0},{"ddd":0,"ind":5,"ty":4,"nm":"account-active 4","parent":3,"sr":1,"ks":{"o":{"a":0,"k":100,"ix":11},"r":{"a":0,"k":0,"ix":10},"p":{"a":0,"k":[0,-2,0],"ix":2,"l":2},"a":{"a":0,"k":[300,300,0],"ix":1,"l":2},"s":{"a":0,"k":[99.2,99.2,100],"ix":6,"l":2}},"ao":0,"shapes":[{"ty":"gr","it":[{"ind":0,"ty":"sh","ix":1,"ks":{"a":0,"k":{"i":[[0,0],[0,0],[0,0],[10.852,0],[0,0],[0,-10.854],[0,0],[0,0],[0,0],[-32.826,0],[0,0],[0,-32.825]],"o":[[0,0],[0,0],[0,-10.854],[0,0],[-10.854,0],[0,0],[0,0],[0,0],[0,-32.825],[0,0],[32.824,0],[0,0]],"v":[[117.697,77.488],[77.991,77.488],[77.991,16.073],[58.137,-3.78],[-58.135,-3.78],[-77.989,16.073],[-77.989,77.488],[-117.697,77.488],[-117.697,16.073],[-58.135,-43.488],[58.137,-43.488],[117.697,16.073]],"c":true},"ix":2},"nm":"Path 1","mn":"ADBE Vector Shape - Group","hd":false},{"ty":"fl","c":{"a":0,"k":[0.372549019608,0.090196078431,0.772549019608,1],"ix":4},"o":{"a":0,"k":100,"ix":5},"r":1,"bm":0,"nm":"Fill 1","mn":"ADBE Vector Graphic - Fill","hd":false},{"ty":"tr","p":{"a":0,"k":[306.155,94.841],"ix":2},"a":{"a":0,"k":[0,0],"ix":1},"s":{"a":0,"k":[100,100],"ix":3},"r":{"a":0,"k":0,"ix":6},"o":{"a":0,"k":100,"ix":7},"sk":{"a":0,"k":0,"ix":4},"sa":{"a":0,"k":0,"ix":5},"nm":"Transform"}],"nm":"Group 1","np":2,"cix":2,"bm":0,"ix":1,"mn":"ADBE Vector Group","hd":false}],"ip":26,"op":148,"st":-18.006006006006,"bm":0},{"ddd":0,"ind":6,"ty":4,"nm":"account-inactive 4","parent":3,"sr":1,"ks":{"o":{"a":0,"k":100,"ix":11},"r":{"a":0,"k":0,"ix":10},"p":{"a":0,"k":[0,17,0],"ix":2,"l":2},"a":{"a":0,"k":[300,300,0],"ix":1,"l":2},"s":{"a":0,"k":[100,100,100],"ix":6,"l":2}},"ao":0,"shapes":[{"ty":"gr","it":[{"ind":0,"ty":"sh","ix":1,"ks":{"a":0,"k":{"i":[[0,0],[0,0],[0,0],[10.852,0],[0,0],[0,-10.854],[0,0],[0,0],[0,0],[-32.826,0],[0,0],[0,-32.825]],"o":[[0,0],[0,0],[0,-10.854],[0,0],[-10.854,0],[0,0],[0,0],[0,0],[0,-32.825],[0,0],[32.824,0],[0,0]],"v":[[115.697,60.488],[77.991,60.488],[77.991,-0.927],[58.137,-20.78],[-58.135,-20.78],[-77.989,-0.927],[-77.989,60.488],[-116.697,60.488],[-116.697,-0.927],[-57.135,-60.488],[58.137,-60.488],[115.697,-0.927]],"c":true},"ix":2},"nm":"Path 1","mn":"ADBE Vector Shape - Group","hd":false},{"ty":"fl","c":{"a":0,"k":[0.545098039216,0.556862745098,0.635294117647,1],"ix":4},"o":{"a":0,"k":100,"ix":5},"r":1,"bm":0,"nm":"Fill 1","mn":"ADBE Vector Graphic - Fill","hd":false},{"ty":"tr","p":{"a":0,"k":[306.155,94.841],"ix":2},"a":{"a":0,"k":[0,0],"ix":1},"s":{"a":0,"k":[100,100],"ix":3},"r":{"a":0,"k":0,"ix":6},"o":{"a":0,"k":100,"ix":7},"sk":{"a":0,"k":0,"ix":4},"sa":{"a":0,"k":0,"ix":5},"nm":"Transform"}],"nm":"Group 1","np":2,"cix":2,"bm":0,"ix":1,"mn":"ADBE Vector Group","hd":false}],"ip":0,"op":188,"st":0,"bm":0},{"ddd":0,"ind":7,"ty":4,"nm":"account-inactive 3","parent":3,"sr":1,"ks":{"o":{"a":1,"k":[{"i":{"x":[0.833],"y":[0.833]},"o":{"x":[0.167],"y":[0.167]},"t":32,"s":[100]},{"t":34,"s":[0]}],"ix":11},"r":{"a":0,"k":0,"ix":10},"p":{"a":0,"k":[0,0,0],"ix":2,"l":2},"a":{"a":0,"k":[300,300,0],"ix":1,"l":2},"s":{"a":0,"k":[100,100,100],"ix":6,"l":2}},"ao":0,"shapes":[{"ty":"gr","it":[{"ind":0,"ty":"sh","ix":1,"ks":{"a":0,"k":{"i":[[0,0],[0,-18.266],[0,0],[-18.266,0],[0,0],[0,18.266],[0,0],[18.266,0]],"o":[[-18.266,0],[0,0],[0,18.266],[0,0],[18.266,0],[0,0],[0,-18.266],[0,0]],"v":[[-201.54,-171.626],[-234.63,-138.536],[-234.63,136.536],[-201.54,169.629],[203.54,169.629],[236.631,136.536],[236.631,-138.536],[203.54,-171.626]],"c":true},"ix":2},"nm":"Path 1","mn":"ADBE Vector Shape - Group","hd":false},{"ind":1,"ty":"sh","ix":2,"ks":{"a":0,"k":{"i":[[40.24,0],[0,0],[0,40.237],[0,0],[-40.238,0],[0,0],[0,-40.237],[0,0]],"o":[[0,0],[-40.238,0],[0,0],[0,-40.237],[0,0],[40.24,0],[0,0],[0,40.237]],"v":[[203.539,209.335],[-201.54,209.335],[-274.337,136.536],[-274.337,-138.536],[-201.54,-211.335],[203.539,-211.335],[276.338,-138.536],[276.338,136.536]],"c":true},"ix":2},"nm":"Path 2","mn":"ADBE Vector Shape - Group","hd":false},{"ty":"fl","c":{"a":0,"k":[0.545098039216,0.556862745098,0.635294117647,1],"ix":4},"o":{"a":0,"k":100,"ix":5},"r":1,"bm":0,"nm":"Fill 1","mn":"ADBE Vector Graphic - Fill","hd":false},{"ty":"tr","p":{"a":0,"k":[305.204,357.31],"ix":2},"a":{"a":0,"k":[0,0],"ix":1},"s":{"a":0,"k":[100,100],"ix":3},"r":{"a":0,"k":0,"ix":6},"o":{"a":0,"k":100,"ix":7},"sk":{"a":0,"k":0,"ix":4},"sa":{"a":0,"k":0,"ix":5},"nm":"Transform"}],"nm":"Group 2","np":3,"cix":2,"bm":0,"ix":1,"mn":"ADBE Vector Group","hd":false}],"ip":0,"op":188,"st":0,"bm":0},{"ddd":0,"ind":9,"ty":4,"nm":"account-inactive-white 3","parent":3,"sr":1,"ks":{"o":{"a":0,"k":100,"ix":11},"r":{"a":0,"k":0,"ix":10},"p":{"a":0,"k":[0,9,0],"ix":2,"l":2},"a":{"a":0,"k":[300,300,0],"ix":1,"l":2},"s":{"a":0,"k":[84,84,100],"ix":6,"l":2}},"ao":0,"shapes":[{"ty":"gr","it":[{"ind":0,"ty":"sh","ix":1,"ks":{"a":0,"k":{"i":[[29.239,0],[0,0],[0,-29.24],[0,0],[-29.24,0],[0,0],[0,29.24],[0,0]],"o":[[0,0],[-29.24,0],[0,0],[0,29.24],[0,0],[29.239,0],[0,0],[0,-29.24]],"v":[[227.636,-167.085],[-218.212,-167.085],[-247.346,-126.046],[-247.346,135.539],[-218.212,176.579],[227.636,176.579],[280.58,123.635],[280.58,-114.141]],"c":true},"ix":2},"nm":"Path 1","mn":"ADBE Vector Shape - Group","hd":false},{"ty":"tr","p":{"a":0,"k":[305.195,357.353],"ix":2},"a":{"a":0,"k":[0,0],"ix":1},"s":{"a":0,"k":[100,100],"ix":3},"r":{"a":0,"k":0,"ix":6},"o":{"a":0,"k":12,"ix":7},"sk":{"a":0,"k":0,"ix":4},"sa":{"a":0,"k":0,"ix":5},"nm":"Transform"}],"nm":"Group 4","np":1,"cix":2,"bm":0,"ix":1,"mn":"ADBE Vector Group","hd":false},{"ty":"tm","s":{"a":0,"k":26,"ix":1},"e":{"a":0,"k":72,"ix":2},"o":{"a":0,"k":267,"ix":3},"m":1,"ix":2,"nm":"Trim Paths 1","mn":"ADBE Vector Filter - Trim","hd":false},{"ty":"st","c":{"a":0,"k":[1,1,1,1],"ix":3},"o":{"a":0,"k":100,"ix":4},"w":{"a":0,"k":80,"ix":5},"lc":2,"lj":2,"bm":0,"nm":"Stroke 1","mn":"ADBE Vector Graphic - Stroke","hd":false}],"ip":0,"op":11,"st":-8.00800800800801,"bm":0},{"ddd":0,"ind":11,"ty":4,"nm":"account-inactive 5","parent":3,"sr":1,"ks":{"o":{"a":0,"k":100,"ix":11},"r":{"a":0,"k":0,"ix":10},"p":{"a":0,"k":[5.195,57.353,0],"ix":2,"l":2},"a":{"a":0,"k":[305.195,357.353,0],"ix":1,"l":2},"s":{"a":1,"k":[{"i":{"x":[0,0,0.667],"y":[1.019,1.019,1]},"o":{"x":[0.333,0.333,0.333],"y":[0,0,0]},"t":9,"s":[0,0,100]},{"i":{"x":[0.833,0.833,0.833],"y":[1,1,1]},"o":{"x":[0.167,0.167,0.167],"y":[0,0,0]},"t":18,"s":[105,105,100]},{"t":26,"s":[100,100,100]}],"ix":6,"l":2}},"ao":0,"shapes":[{"ty":"gr","it":[{"ind":0,"ty":"sh","ix":1,"ks":{"a":0,"k":{"i":[[29.239,0],[0,0],[0,-29.24],[0,0],[-29.24,0],[0,0],[0,29.24],[0,0]],"o":[[0,0],[-29.24,0],[0,0],[0,29.24],[0,0],[29.239,0],[0,0],[0,-29.24]],"v":[[189.54,-188.48],[-189.541,-188.48],[-242.485,-135.536],[-242.485,135.536],[-189.541,188.48],[189.54,188.48],[242.484,135.536],[242.484,-135.536]],"c":true},"ix":2},"nm":"Path 1","mn":"ADBE Vector Shape - Group","hd":false},{"ty":"fl","c":{"a":0,"k":[0.372549019608,0.090196078431,0.772549019608,1],"ix":4},"o":{"a":0,"k":100,"ix":5},"r":1,"bm":0,"nm":"Fill 1","mn":"ADBE Vector Graphic - Fill","hd":false},{"ty":"tr","p":{"a":0,"k":[305.195,357.353],"ix":2},"a":{"a":0,"k":[0,0],"ix":1},"s":{"a":0,"k":[100,100],"ix":3},"r":{"a":0,"k":0,"ix":6},"o":{"a":0,"k":100,"ix":7},"sk":{"a":0,"k":0,"ix":4},"sa":{"a":0,"k":0,"ix":5},"nm":"Transform"}],"nm":"Group 4","np":2,"cix":2,"bm":0,"ix":1,"mn":"ADBE Vector Group","hd":false}],"ip":11,"op":187,"st":3,"bm":0},{"ddd":0,"ind":12,"ty":4,"nm":"account-inactive","parent":3,"sr":1,"ks":{"o":{"a":0,"k":100,"ix":11},"r":{"a":0,"k":0,"ix":10},"p":{"a":0,"k":[0,0,0],"ix":2,"l":2},"a":{"a":0,"k":[300,300,0],"ix":1,"l":2},"s":{"a":0,"k":[100,100,100],"ix":6,"l":2}},"ao":0,"shapes":[{"ty":"gr","it":[{"ind":0,"ty":"sh","ix":1,"ks":{"a":0,"k":{"i":[[29.239,0],[0,0],[0,-29.24],[0,0],[-29.24,0],[0,0],[0,29.24],[0,0]],"o":[[0,0],[-29.24,0],[0,0],[0,29.24],[0,0],[29.239,0],[0,0],[0,-29.24]],"v":[[189.54,-188.48],[-189.541,-188.48],[-242.485,-135.536],[-242.485,135.536],[-189.541,188.48],[189.54,188.48],[242.484,135.536],[242.484,-135.536]],"c":true},"ix":2},"nm":"Path 1","mn":"ADBE Vector Shape - Group","hd":false},{"ty":"fl","c":{"a":0,"k":[0.945098039216,0.945098039216,0.956862745098,1],"ix":4},"o":{"a":0,"k":100,"ix":5},"r":1,"bm":0,"nm":"Fill 1","mn":"ADBE Vector Graphic - Fill","hd":false},{"ty":"tr","p":{"a":0,"k":[305.195,357.353],"ix":2},"a":{"a":0,"k":[0,0],"ix":1},"s":{"a":0,"k":[100,100],"ix":3},"r":{"a":0,"k":0,"ix":6},"o":{"a":0,"k":100,"ix":7},"sk":{"a":0,"k":0,"ix":4},"sa":{"a":0,"k":0,"ix":5},"nm":"Transform"}],"nm":"Group 4","np":2,"cix":2,"bm":0,"ix":1,"mn":"ADBE Vector Group","hd":false}],"ip":0,"op":11,"st":0,"bm":0}],"markers":[{"tm":0,"cm":"Tap Animation Start","dr":0},{"tm":60,"cm":"Tap Animation Stop","dr":0},{"tm":142,"cm":"Fade Animation Start","dr":0},{"tm":152,"cm":"Fade Animation Stop","dr":0}]}