{
    "name": "Marketplace Home",
    "id": "ppsb_ios_search0",
    "type": "root",
    "widgets": [
        {
            "id": "DISCOVER_STOCK_SCREENERS",
            "name": "DISCOVER STOCK SCREENERS",
            "type": "STOCK_SCREENERS",
            "data": [{
                    "resolution": {
                        "isRequired": false,
                        "subType": "props"
                    },
                    "metaData": {
                        "title": "DISCOVER STOCK SCREENERS",
                        "isCardify": false
                    }
                },
                {
                    "resolution": {
                        "isRequired": true,
                        "subType": "value",
                        "type": "discoverStockScreeners"
                    },
                    "metaData": {
                        "resourceId": "DISCOVER_STOCK_SCREENERS",
                        "name": "DISCOVER STOCK SCREENERS",
                        "subtitle": "Hit the ground running with pre-built screens like Deals to Steal, Low-debt Midcaps and Options Long Build Up",
                        "ctaText": "VIEW ALL",
                        "items": [
                            {
                                "id": "1",
                                "imageUrl": "https://imgstatic.phonepe.com/images/app-icons-ia-1/wealth-management/insurance/%d/%d/DOM_TRAVEL_INS.png",
                                "name": "Positive Breakout",
                                "deeplink": "phonepe://domHome",
                                "analytics": {
                                    "category": "INSURANCE",
                                    "action": "DOMESTIC_ICON_CLICK"
                                }
                            },
                            {
                                "id": "2",
                                "imageUrl": "https://imgstatic.phonepe.com/images/app-icons-ia-1/wealth-management/insurance/%d/%d/DOM_TRAVEL_INS.png",
                                "name": "Golden Crossovers",
                                "deeplink": "phonepe://domHome",
                                "analytics": {
                                    "category": "INSURANCE",
                                    "action": "DOMESTIC_ICON_CLICK"
                                }
                            },
                            {
                                "id": "3",
                                "imageUrl": "https://imgstatic.phonepe.com/images/app-icons-ia-1/wealth-management/insurance/%d/%d/DOM_TRAVEL_INS.png",
                                "name": "Overbrought Stocks",
                                "deeplink": "phonepe://domHome",
                                "analytics": {
                                    "category": "INSURANCE",
                                    "action": "DOMESTIC_ICON_CLICK"
                                }
                            },
                            {
                                "id": "4",
                                "imageUrl": "https://imgstatic.phonepe.com/images/app-icons-ia-1/wealth-management/insurance/%d/%d/DOM_TRAVEL_INS.png",
                                "name": "Market Heavyweights",
                                "deeplink": "phonepe://domHome",
                                "analytics": {
                                    "category": "INSURANCE",
                                    "action": "DOMESTIC_ICON_CLICK"
                                }
                            }
                        ]
                    }
                }
            ]
        },
        {
            "id": "TRENDING STOCKS",
            "name": "Trending Stocks",
            "type": "TRENDING_STOCKS",
            "data": [
                {
                    "resolution": {
                        "isRequired": false,
                        "subType": "props"
                    },
                    "metaData": {
                        "title": "Trending Stocks",
                        "isCardify": false
                    }
                },
                {
                    "resolution": {
                        "isRequired": true,
                        "subType": "network",
                        "type": "trending_stocks",
                        "async": true
                    },
                    "metaData": {
                    }
                }
            ]
        }
    ]
}
