{"v":"5.9.1","fr":60,"ip":0,"op":180,"w":600,"h":600,"nm":"Watchlist","ddd":0,"assets":[],"layers":[{"ddd":0,"ind":1,"ty":4,"nm":"initial state","sr":1,"ks":{"o":{"a":1,"k":[{"i":{"x":[0.833],"y":[0.833]},"o":{"x":[0.167],"y":[0.167]},"t":141.975,"s":[0]},{"t":151.974609375,"s":[100]}],"ix":11},"r":{"a":0,"k":0,"ix":10},"p":{"a":0,"k":[304.951,303.998,0],"ix":2,"l":2},"a":{"a":0,"k":[288.416,248.601,0],"ix":1,"l":2},"s":{"a":0,"k":[100,100,100],"ix":6,"l":2}},"ao":0,"shapes":[{"ty":"gr","it":[{"ind":0,"ty":"sh","ix":1,"ks":{"a":0,"k":{"i":[[34.759,-0.002],[28.164,-31.853],[0.9,1.017],[43.99,0],[25.833,-17.614],[1.546,-43.819],[-135.323,-122.435],[0,0],[-12.481,0],[-9.759,8.861],[0,0],[17.711,110.164],[20.417,19.351]],"o":[[-44,0.003],[-0.9,1.018],[-28.158,-31.842],[-27.45,0],[-36.344,24.745],[-3.351,100.01],[0,0],[9.83,9.054],[12.392,0],[0,0],[144.666,-131.44],[-4.466,-27.774],[-30.896,-29.283]],"v":[[109.918,-227.431],[-4.493,-175.437],[-7.787,-175.437],[-122.153,-227.318],[-203.582,-201.896],[-263.898,-91.318],[-43.514,211.29],[-40.678,213.868],[-5.876,227.433],[28.658,214.125],[31.236,211.806],[249.538,-112.337],[211.417,-185.586]],"c":true},"ix":2},"nm":"Path 1","mn":"ADBE Vector Shape - Group","hd":false},{"ty":"st","c":{"a":0,"k":[0.537254901961,0.552941176471,0.639215686275,1],"ix":3},"o":{"a":0,"k":100,"ix":4},"w":{"a":0,"k":37.8,"ix":5},"lc":2,"lj":2,"bm":0,"nm":"Stroke 1","mn":"ADBE Vector Graphic - Stroke","hd":false},{"ty":"tr","p":{"a":0,"k":[288.416,248.601],"ix":2},"a":{"a":0,"k":[0,0],"ix":1},"s":{"a":0,"k":[100,100],"ix":3},"r":{"a":0,"k":0,"ix":6},"o":{"a":0,"k":100,"ix":7},"sk":{"a":0,"k":0,"ix":4},"sa":{"a":0,"k":0,"ix":5},"nm":"Transform"}],"nm":"Group 1","np":2,"cix":2,"bm":0,"ix":1,"mn":"ADBE Vector Group","hd":false},{"ty":"gr","it":[{"ind":0,"ty":"sh","ix":1,"ks":{"a":0,"k":{"i":[[0,0],[0,0],[46.865,2.73],[-7.28,-50.05],[-64.043,-62.599],[-12.584,-13.009]],"o":[[-8.053,-6.171],[0,0],[-60.882,-3.546],[7.552,51.923],[44.254,43.256],[0,0]],"v":[[82.735,-127.557],[67.191,-139.467],[-9.339,-174.043],[-95.789,-68.487],[16.871,91.308],[103.069,177.59]],"c":false},"ix":2},"nm":"Path 1","mn":"ADBE Vector Shape - Group","hd":false},{"ty":"st","c":{"a":0,"k":[1,1,1,1],"ix":3},"o":{"a":0,"k":100,"ix":4},"w":{"a":0,"k":65.52,"ix":5},"lc":2,"lj":2,"bm":0,"nm":"Stroke 1","mn":"ADBE Vector Graphic - Stroke","hd":false},{"ty":"tr","p":{"a":0,"k":[174.149,246.945],"ix":2},"a":{"a":0,"k":[0,0],"ix":1},"s":{"a":0,"k":[100,100],"ix":3},"r":{"a":0,"k":0,"ix":6},"o":{"a":0,"k":100,"ix":7},"sk":{"a":0,"k":0,"ix":4},"sa":{"a":0,"k":0,"ix":5},"nm":"Transform"}],"nm":"Group 3","np":2,"cix":2,"bm":0,"ix":2,"mn":"ADBE Vector Group","hd":false},{"ty":"gr","it":[{"ind":0,"ty":"sh","ix":1,"ks":{"a":0,"k":{"i":[[34.759,-0.002],[28.164,-31.853],[0.9,1.017],[43.99,0],[25.834,-17.614],[1.546,-43.819],[-135.323,-122.435],[0,0],[-12.481,0],[-9.759,8.86],[0,0],[17.711,110.164],[20.417,19.351]],"o":[[-44,0.003],[-0.9,1.018],[-28.158,-31.842],[-27.45,0],[-36.344,24.745],[-3.351,100.01],[0,0],[9.83,9.055],[12.392,0],[0,0],[144.666,-131.44],[-4.466,-27.774],[-30.896,-29.283]],"v":[[109.918,-227.43],[-4.493,-175.437],[-7.787,-175.437],[-122.153,-227.318],[-203.582,-201.895],[-263.898,-91.317],[-43.514,211.291],[-40.678,213.868],[-5.876,227.433],[28.658,214.126],[31.236,211.807],[249.538,-112.337],[211.417,-185.585]],"c":true},"ix":2},"nm":"Path 1","mn":"ADBE Vector Shape - Group","hd":false},{"ty":"fl","c":{"a":0,"k":[0.941176530427,0.941176530427,0.952941236309,1],"ix":4},"o":{"a":0,"k":100,"ix":5},"r":1,"bm":0,"nm":"Fill 1","mn":"ADBE Vector Graphic - Fill","hd":false},{"ty":"tr","p":{"a":0,"k":[292.416,250.6],"ix":2},"a":{"a":0,"k":[0,0],"ix":1},"s":{"a":0,"k":[100,100],"ix":3},"r":{"a":0,"k":0,"ix":6},"o":{"a":0,"k":100,"ix":7},"sk":{"a":0,"k":0,"ix":4},"sa":{"a":0,"k":0,"ix":5},"nm":"Transform"}],"nm":"Group 5","np":2,"cix":2,"bm":0,"ix":3,"mn":"ADBE Vector Group","hd":false}],"ip":142,"op":331,"st":150,"bm":0},{"ddd":0,"ind":2,"ty":4,"nm":"white-stroke","parent":6,"sr":1,"ks":{"o":{"a":0,"k":100,"ix":11},"r":{"a":0,"k":0,"ix":10},"p":{"a":0,"k":[-6,-1,0],"ix":2,"l":2},"a":{"a":0,"k":[0,0,0],"ix":1,"l":2},"s":{"a":1,"k":[{"i":{"x":[0.667,0.667,0.667],"y":[1,1,1]},"o":{"x":[0.333,0.333,0.333],"y":[0,0,0]},"t":29.007,"s":[90,90,100]},{"i":{"x":[0.667,0.667,0.667],"y":[1,1,1]},"o":{"x":[0.333,0.333,0.333],"y":[0,0,0]},"t":31.999,"s":[96,96,100]},{"i":{"x":[0.667,0.667,0.667],"y":[1,1,1]},"o":{"x":[0.333,0.333,0.333],"y":[0,0,0]},"t":37.23,"s":[90,90,100]},{"i":{"x":[0.667,0.667,0.667],"y":[1,1,1]},"o":{"x":[0.333,0.333,0.333],"y":[0,0,0]},"t":41.037,"s":[96,96,100]},{"t":45.048290477978,"s":[90,90,100]}],"ix":6,"l":2}},"ao":0,"shapes":[{"ty":"gr","it":[{"ind":0,"ty":"sh","ix":1,"ks":{"a":0,"k":{"i":[[79,-38],[0,0],[0,0],[51.5,3],[-8,-55],[-70.377,-68.79],[0,0],[0,0],[6,86]],"o":[[-59.238,28.494],[0,0],[0,0],[-66.903,-3.897],[8.299,57.058],[66.5,65],[0,0],[0,0],[-5.167,-74.063]],"v":[[78,-176],[1,-108],[-37.5,-141.944],[-121.611,-178.889],[-219.944,-59.5],[-95.056,116.111],[14.056,233.389],[133,99],[239,-83]],"c":true},"ix":2},"nm":"Path 1","mn":"ADBE Vector Shape - Group","hd":false},{"ty":"st","c":{"a":0,"k":[1,1,1,1],"ix":3},"o":{"a":0,"k":100,"ix":4},"w":{"a":0,"k":72,"ix":5},"lc":2,"lj":2,"bm":0,"nm":"Stroke 1","mn":"ADBE Vector Graphic - Stroke","hd":false},{"ty":"tr","p":{"a":0,"k":[0,0],"ix":2},"a":{"a":0,"k":[0,0],"ix":1},"s":{"a":0,"k":[100,100],"ix":3},"r":{"a":0,"k":0,"ix":6},"o":{"a":0,"k":100,"ix":7},"sk":{"a":0,"k":0,"ix":4},"sa":{"a":0,"k":0,"ix":5},"nm":"Transform"}],"nm":"Shape 1","np":3,"cix":2,"bm":0,"ix":1,"mn":"ADBE Vector Group","hd":false},{"ty":"tm","s":{"a":1,"k":[{"i":{"x":[0.833],"y":[1]},"o":{"x":[0.167],"y":[0]},"t":22.003,"s":[55]},{"i":{"x":[0.667],"y":[1]},"o":{"x":[0.333],"y":[0]},"t":31.999,"s":[10]},{"t":44.999462352978,"s":[0]}],"ix":1},"e":{"a":1,"k":[{"i":{"x":[0.667],"y":[1]},"o":{"x":[0.333],"y":[0]},"t":31.999,"s":[55]},{"i":{"x":[0.833],"y":[1]},"o":{"x":[0.333],"y":[0]},"t":44.999,"s":[45]},{"i":{"x":[0.833],"y":[1]},"o":{"x":[0.167],"y":[0]},"t":52.999,"s":[46]},{"t":59.999462352978,"s":[0]}],"ix":2},"o":{"a":1,"k":[{"i":{"x":[0.667],"y":[1]},"o":{"x":[0.333],"y":[0]},"t":31.999,"s":[0]},{"i":{"x":[0.667],"y":[1]},"o":{"x":[0.333],"y":[0]},"t":44.999,"s":[-321]},{"i":{"x":[0.667],"y":[1]},"o":{"x":[0.333],"y":[0]},"t":48.999,"s":[-330]},{"i":{"x":[0.667],"y":[1]},"o":{"x":[0.333],"y":[0]},"t":52.999,"s":[-326]},{"i":{"x":[0.667],"y":[1]},"o":{"x":[0.333],"y":[0]},"t":56.999,"s":[-328]},{"t":59.999462352978,"s":[-326]}],"ix":3},"m":1,"ix":2,"nm":"Trim Paths 1","mn":"ADBE Vector Filter - Trim","hd":false}],"ip":22,"op":60,"st":-20.022022022022,"bm":0},{"ddd":0,"ind":3,"ty":4,"nm":"2-solid-stroke","parent":6,"sr":1,"ks":{"o":{"a":0,"k":100,"ix":11},"r":{"a":0,"k":0,"ix":10},"p":{"a":0,"k":[6.951,15.998,0],"ix":2,"l":2},"a":{"a":0,"k":[645.979,574.88,0],"ix":1,"l":2},"s":{"a":0,"k":[56,56,100],"ix":6,"l":2}},"ao":0,"shapes":[{"ty":"gr","it":[{"ind":0,"ty":"sh","ix":1,"ks":{"a":0,"k":{"i":[[62.07,-0.004],[50.294,-56.88],[1.607,1.817],[78.553,0],[46.132,-31.454],[2.761,-78.248],[-241.648,-218.634],[0,0],[-22.289,0],[-17.426,15.822],[0,0],[31.628,196.721],[36.459,34.555]],"o":[[-78.571,0.005],[-1.606,1.818],[-50.282,-56.861],[-49.019,0],[-64.9,44.187],[-5.984,178.589],[0,0],[17.554,16.169],[22.128,0],[0,0],[258.332,-234.713],[-7.974,-49.596],[-55.172,-52.291]],"v":[[196.283,-406.126],[-8.023,-313.28],[-13.904,-313.28],[-218.129,-405.924],[-363.539,-360.528],[-471.245,-163.067],[-77.704,377.304],[-72.64,381.907],[-10.493,406.13],[51.175,382.367],[55.778,378.225],[445.602,-200.601],[377.531,-331.403]],"c":true},"ix":2},"nm":"Path 1","mn":"ADBE Vector Shape - Group","hd":false},{"ty":"st","c":{"a":0,"k":[0.537254901961,0.552941176471,0.639215686275,1],"ix":3},"o":{"a":0,"k":100,"ix":4},"w":{"a":0,"k":67.5,"ix":5},"lc":2,"lj":2,"bm":0,"nm":"Stroke 1","mn":"ADBE Vector Graphic - Stroke","hd":false},{"ty":"tr","p":{"a":0,"k":[645.979,574.88],"ix":2},"a":{"a":0,"k":[0,0],"ix":1},"s":{"a":0,"k":[100,100],"ix":3},"r":{"a":0,"k":0,"ix":6},"o":{"a":0,"k":100,"ix":7},"sk":{"a":0,"k":0,"ix":4},"sa":{"a":0,"k":0,"ix":5},"nm":"Transform"}],"nm":"Group 1","np":2,"cix":2,"bm":0,"ix":1,"mn":"ADBE Vector Group","hd":false},{"ty":"tm","s":{"a":0,"k":0,"ix":1},"e":{"a":0,"k":100,"ix":2},"o":{"a":0,"k":0,"ix":3},"m":1,"ix":2,"nm":"Trim Paths 1","mn":"ADBE Vector Filter - Trim","hd":false}],"ip":0,"op":10.01001001001,"st":0,"bm":0},{"ddd":0,"ind":4,"ty":4,"nm":"white-stroke","parent":6,"sr":1,"ks":{"o":{"a":0,"k":100,"ix":11},"r":{"a":0,"k":0,"ix":10},"p":{"a":0,"k":[-6,0,0],"ix":2,"l":2},"a":{"a":0,"k":[0,0,0],"ix":1,"l":2},"s":{"a":0,"k":[91,91,100],"ix":6,"l":2}},"ao":0,"shapes":[{"ty":"gr","it":[{"ind":0,"ty":"sh","ix":1,"ks":{"a":0,"k":{"i":[[79,-38],[0,0],[0,0],[51.5,3],[-8,-55],[-70.377,-68.79],[0,0],[0,0],[6,86]],"o":[[-59.238,28.494],[0,0],[0,0],[-66.903,-3.897],[8.299,57.058],[66.5,65],[0,0],[0,0],[-5.167,-74.063]],"v":[[78,-176],[1,-108],[-37.5,-137.5],[-121.599,-175.495],[-216.599,-59.5],[-92.797,116.099],[9.599,218.896],[133,99],[239,-83]],"c":true},"ix":2},"nm":"Path 1","mn":"ADBE Vector Shape - Group","hd":false},{"ty":"st","c":{"a":0,"k":[1,1,1,1],"ix":3},"o":{"a":0,"k":100,"ix":4},"w":{"a":0,"k":72,"ix":5},"lc":2,"lj":2,"bm":0,"nm":"Stroke 1","mn":"ADBE Vector Graphic - Stroke","hd":false},{"ty":"tr","p":{"a":0,"k":[0,0],"ix":2},"a":{"a":0,"k":[0,0],"ix":1},"s":{"a":0,"k":[100,100],"ix":3},"r":{"a":0,"k":0,"ix":6},"o":{"a":0,"k":100,"ix":7},"sk":{"a":0,"k":0,"ix":4},"sa":{"a":0,"k":0,"ix":5},"nm":"Transform"}],"nm":"Shape 1","np":3,"cix":2,"bm":0,"ix":1,"mn":"ADBE Vector Group","hd":false},{"ty":"tm","s":{"a":0,"k":0,"ix":1},"e":{"a":0,"k":46,"ix":2},"o":{"a":0,"k":-326,"ix":3},"m":1,"ix":2,"nm":"Trim Paths 1","mn":"ADBE Vector Filter - Trim","hd":false}],"ip":0,"op":10.01001001001,"st":-100.1001001001,"bm":0},{"ddd":0,"ind":5,"ty":4,"nm":"solid-fill-inactive","sr":1,"ks":{"o":{"a":0,"k":100,"ix":11},"r":{"a":0,"k":0,"ix":10},"p":{"a":0,"k":[308.951,305.998,0],"ix":2,"l":2},"a":{"a":0,"k":[477.479,406.38,0],"ix":1,"l":2},"s":{"a":1,"k":[{"i":{"x":[0.833,0.833,0.833],"y":[0.833,0.833,0.833]},"o":{"x":[0.167,0.167,0.167],"y":[0.167,0.167,0.167]},"t":4.004,"s":[56,56,100]},{"t":6.005761620996,"s":[52,52,100]}],"ix":6,"l":2}},"ao":0,"shapes":[{"ty":"gr","it":[{"ind":0,"ty":"sh","ix":1,"ks":{"a":0,"k":{"i":[[62.07,-0.004],[50.294,-56.88],[1.607,1.817],[78.553,0],[46.132,-31.454],[2.761,-78.248],[-241.648,-218.634],[0,0],[-22.289,0],[-17.426,15.822],[0,0],[31.628,196.721],[36.459,34.555]],"o":[[-78.571,0.005],[-1.606,1.818],[-50.282,-56.861],[-49.019,0],[-64.9,44.187],[-5.984,178.589],[0,0],[17.554,16.169],[22.128,0],[0,0],[258.332,-234.713],[-7.974,-49.596],[-55.172,-52.291]],"v":[[196.283,-406.126],[-8.023,-313.28],[-13.904,-313.28],[-218.129,-405.924],[-363.539,-360.528],[-471.245,-163.067],[-77.704,377.304],[-72.64,381.907],[-10.493,406.13],[51.175,382.367],[55.778,378.225],[445.602,-200.601],[377.531,-331.403]],"c":true},"ix":2},"nm":"Path 1","mn":"ADBE Vector Shape - Group","hd":false},{"ty":"fl","c":{"a":0,"k":[0.941176530427,0.941176530427,0.952941236309,1],"ix":4},"o":{"a":0,"k":100,"ix":5},"r":1,"bm":0,"nm":"Fill 1","mn":"ADBE Vector Graphic - Fill","hd":false},{"ty":"tr","p":{"a":0,"k":[477.479,406.38],"ix":2},"a":{"a":0,"k":[0,0],"ix":1},"s":{"a":0,"k":[100,100],"ix":3},"r":{"a":0,"k":0,"ix":6},"o":{"a":0,"k":100,"ix":7},"sk":{"a":0,"k":0,"ix":4},"sa":{"a":0,"k":0,"ix":5},"nm":"Transform"}],"nm":"Group 1","np":2,"cix":2,"bm":0,"ix":1,"mn":"ADBE Vector Group","hd":false}],"ip":0,"op":10.01001001001,"st":-4.004004004004,"bm":0},{"ddd":0,"ind":6,"ty":3,"nm":"watchlist-master-ctrl","sr":1,"ks":{"o":{"a":0,"k":0,"ix":11},"r":{"a":0,"k":0,"ix":10},"p":{"a":0,"k":[298,288,0],"ix":2,"l":2},"a":{"a":0,"k":[0,0,0],"ix":1,"l":2},"s":{"a":1,"k":[{"i":{"x":[0.768,0.768,0.667],"y":[1,1,1]},"o":{"x":[0.791,0.791,0.333],"y":[-0.022,-0.022,0]},"t":-0.001,"s":[100,100,100]},{"i":{"x":[0.192,0.192,0.667],"y":[1.016,1.016,1]},"o":{"x":[0.333,0.333,0.333],"y":[0,0,0]},"t":6.005,"s":[90,90,100]},{"t":12.01293871997,"s":[100,100,100]}],"ix":6,"l":2}},"ao":0,"ip":0,"op":172,"st":-30.03003003003,"bm":0},{"ddd":0,"ind":7,"ty":4,"nm":"2-solid-stroke 4","parent":8,"sr":1,"ks":{"o":{"a":0,"k":100,"ix":11},"r":{"a":0,"k":0,"ix":10},"p":{"a":0,"k":[624.551,574.88,0],"ix":2,"l":2},"a":{"a":0,"k":[645.979,574.88,0],"ix":1,"l":2},"s":{"a":0,"k":[-100,100,100],"ix":6,"l":2}},"ao":0,"shapes":[{"ty":"gr","it":[{"ind":0,"ty":"sh","ix":1,"ks":{"a":0,"k":{"i":[[62.07,-0.004],[50.294,-56.88],[1.607,1.817],[78.553,0],[46.132,-31.454],[2.761,-78.248],[-241.648,-218.634],[0,0],[-22.289,0],[-17.426,15.822],[0,0],[31.628,196.721],[36.459,34.555]],"o":[[-78.571,0.005],[-1.606,1.818],[-50.282,-56.861],[-49.019,0],[-64.9,44.187],[-5.984,178.589],[0,0],[17.554,16.169],[22.128,0],[0,0],[258.332,-234.713],[-7.974,-49.596],[-55.172,-52.291]],"v":[[196.283,-406.126],[-8.023,-313.28],[-13.904,-313.28],[-218.129,-405.924],[-363.539,-360.528],[-471.245,-163.067],[-77.704,377.304],[-72.64,381.907],[-10.493,406.13],[51.175,382.367],[55.778,378.225],[445.602,-200.601],[377.531,-331.403]],"c":true},"ix":2},"nm":"Path 1","mn":"ADBE Vector Shape - Group","hd":false},{"ty":"st","c":{"a":0,"k":[0.372549019608,0.090196078431,0.772549019608,1],"ix":3},"o":{"a":0,"k":100,"ix":4},"w":{"a":0,"k":67.5,"ix":5},"lc":2,"lj":2,"bm":0,"nm":"Stroke 1","mn":"ADBE Vector Graphic - Stroke","hd":false},{"ty":"tr","p":{"a":0,"k":[645.979,574.88],"ix":2},"a":{"a":0,"k":[0,0],"ix":1},"s":{"a":0,"k":[100,100],"ix":3},"r":{"a":0,"k":0,"ix":6},"o":{"a":0,"k":100,"ix":7},"sk":{"a":0,"k":0,"ix":4},"sa":{"a":0,"k":0,"ix":5},"nm":"Transform"}],"nm":"Group 1","np":2,"cix":2,"bm":0,"ix":1,"mn":"ADBE Vector Group","hd":false},{"ty":"tm","s":{"a":1,"k":[{"i":{"x":[0.667],"y":[1]},"o":{"x":[0.333],"y":[0]},"t":20.002,"s":[0]},{"i":{"x":[0.667],"y":[1]},"o":{"x":[0.333],"y":[0]},"t":31.102,"s":[50]},{"t":39.174170264014,"s":[100]}],"ix":1},"e":{"a":1,"k":[{"i":{"x":[0.667],"y":[1]},"o":{"x":[0.333],"y":[0]},"t":20.002,"s":[0]},{"t":31.101904639014,"s":[0]}],"ix":2},"o":{"a":1,"k":[{"i":{"x":[0.667],"y":[1]},"o":{"x":[0.333],"y":[0]},"t":20.002,"s":[-147]},{"t":31.101904639014,"s":[-147]}],"ix":3},"m":1,"ix":2,"nm":"Trim Paths 1","mn":"ADBE Vector Filter - Trim","hd":false}],"ip":12.012012012012,"op":172,"st":14.014014014014,"bm":0},{"ddd":0,"ind":8,"ty":3,"nm":"2-solid-stroke 3","parent":6,"sr":1,"ks":{"o":{"a":0,"k":100,"ix":11},"r":{"a":0,"k":0,"ix":10},"p":{"a":0,"k":[6.951,15.998,0],"ix":2,"l":2},"a":{"a":0,"k":[645.979,574.88,0],"ix":1,"l":2},"s":{"a":1,"k":[{"i":{"x":[0.667,0.667,0.667],"y":[1,1,1]},"o":{"x":[0.333,0.333,0.333],"y":[0,0,0]},"t":29.757,"s":[56,56,100]},{"i":{"x":[0.667,0.667,0.667],"y":[1,1,1]},"o":{"x":[0.333,0.333,0.333],"y":[0,0,0]},"t":35.138,"s":[60,60,100]},{"i":{"x":[0.667,0.667,0.667],"y":[1,1,1]},"o":{"x":[0.333,0.333,0.333],"y":[0,0,0]},"t":39.175,"s":[56,56,100]},{"i":{"x":[0.667,0.667,0.667],"y":[1,1,1]},"o":{"x":[0.333,0.333,0.333],"y":[0,0,0]},"t":43.21,"s":[58,58,100]},{"t":47.245167042042,"s":[56,56,100]}],"ix":6,"l":2}},"ao":0,"ip":30,"op":70,"st":42.042042042042,"bm":0},{"ddd":0,"ind":9,"ty":4,"nm":"solid-fill-inactive 2","parent":6,"sr":1,"ks":{"o":{"a":0,"k":100,"ix":11},"r":{"a":0,"k":0,"ix":10},"p":{"a":0,"k":[10.951,17.998,0],"ix":2,"l":2},"a":{"a":0,"k":[477.479,406.38,0],"ix":1,"l":2},"s":{"a":0,"k":[58,58,100],"ix":6,"l":2}},"ao":0,"shapes":[{"ty":"gr","it":[{"ind":0,"ty":"sh","ix":1,"ks":{"a":0,"k":{"i":[[62.07,-0.004],[50.294,-56.88],[1.607,1.817],[78.553,0],[46.132,-31.454],[2.761,-78.248],[-241.648,-218.634],[0,0],[-22.289,0],[-17.426,15.822],[0,0],[31.628,196.721],[36.459,34.555]],"o":[[-78.571,0.005],[-1.606,1.818],[-50.282,-56.861],[-49.019,0],[-64.9,44.187],[-5.984,178.589],[0,0],[17.554,16.169],[22.128,0],[0,0],[258.332,-234.713],[-7.974,-49.596],[-55.172,-52.291]],"v":[[196.283,-406.126],[-8.023,-313.28],[-13.904,-313.28],[-218.129,-405.924],[-363.539,-360.528],[-471.245,-163.067],[-77.704,377.304],[-72.64,381.907],[-10.493,406.13],[51.175,382.367],[55.778,378.225],[445.602,-200.601],[377.531,-331.403]],"c":true},"ix":2},"nm":"Path 1","mn":"ADBE Vector Shape - Group","hd":false},{"ty":"fl","c":{"a":0,"k":[0.372549019608,0.090196078431,0.772549019608,1],"ix":4},"o":{"a":0,"k":100,"ix":5},"r":1,"bm":0,"nm":"Fill 1","mn":"ADBE Vector Graphic - Fill","hd":false},{"ty":"tr","p":{"a":0,"k":[477.479,406.38],"ix":2},"a":{"a":0,"k":[0,0],"ix":1},"s":{"a":0,"k":[100,100],"ix":3},"r":{"a":0,"k":0,"ix":6},"o":{"a":0,"k":100,"ix":7},"sk":{"a":0,"k":0,"ix":4},"sa":{"a":0,"k":0,"ix":5},"nm":"Transform"}],"nm":"Group 1","np":2,"cix":2,"bm":0,"ix":1,"mn":"ADBE Vector Group","hd":false}],"ip":30,"op":172,"st":40.04004004004,"bm":0},{"ddd":0,"ind":10,"ty":4,"nm":"2-solid-stroke 2","parent":6,"sr":1,"ks":{"o":{"a":0,"k":100,"ix":11},"r":{"a":0,"k":0,"ix":10},"p":{"a":0,"k":[6.951,15.998,0],"ix":2,"l":2},"a":{"a":0,"k":[645.979,574.88,0],"ix":1,"l":2},"s":{"a":0,"k":[56,56,100],"ix":6,"l":2}},"ao":0,"shapes":[{"ty":"gr","it":[{"ind":0,"ty":"sh","ix":1,"ks":{"a":0,"k":{"i":[[62.07,-0.004],[50.294,-56.88],[1.607,1.817],[78.553,0],[46.132,-31.454],[2.761,-78.248],[-241.648,-218.634],[0,0],[-22.289,0],[-17.426,15.822],[0,0],[31.628,196.721],[36.459,34.555]],"o":[[-78.571,0.005],[-1.606,1.818],[-50.282,-56.861],[-49.019,0],[-64.9,44.187],[-5.984,178.589],[0,0],[17.554,16.169],[22.128,0],[0,0],[258.332,-234.713],[-7.974,-49.596],[-55.172,-52.291]],"v":[[196.283,-406.126],[-8.023,-313.28],[-13.904,-313.28],[-218.129,-405.924],[-363.539,-360.528],[-471.245,-163.067],[-77.704,377.304],[-72.64,381.907],[-10.493,406.13],[51.175,382.367],[55.778,378.225],[445.602,-200.601],[377.531,-331.403]],"c":true},"ix":2},"nm":"Path 1","mn":"ADBE Vector Shape - Group","hd":false},{"ty":"st","c":{"a":0,"k":[0.537254901961,0.552941176471,0.639215686275,1],"ix":3},"o":{"a":0,"k":100,"ix":4},"w":{"a":0,"k":67.5,"ix":5},"lc":2,"lj":2,"bm":0,"nm":"Stroke 1","mn":"ADBE Vector Graphic - Stroke","hd":false},{"ty":"tr","p":{"a":0,"k":[645.979,574.88],"ix":2},"a":{"a":0,"k":[0,0],"ix":1},"s":{"a":0,"k":[100,100],"ix":3},"r":{"a":0,"k":0,"ix":6},"o":{"a":0,"k":100,"ix":7},"sk":{"a":0,"k":0,"ix":4},"sa":{"a":0,"k":0,"ix":5},"nm":"Transform"}],"nm":"Group 1","np":2,"cix":2,"bm":0,"ix":1,"mn":"ADBE Vector Group","hd":false},{"ty":"tm","s":{"a":0,"k":0,"ix":1},"e":{"a":0,"k":100,"ix":2},"o":{"a":0,"k":0,"ix":3},"m":1,"ix":2,"nm":"Trim Paths 1","mn":"ADBE Vector Filter - Trim","hd":false}],"ip":0,"op":30,"st":0,"bm":0},{"ddd":0,"ind":12,"ty":4,"nm":"solid-fill-inactive 4","sr":1,"ks":{"o":{"a":0,"k":100,"ix":11},"r":{"a":0,"k":0,"ix":10},"p":{"a":0,"k":[302.951,305.998,0],"ix":2,"l":2},"a":{"a":0,"k":[477.479,406.38,0],"ix":1,"l":2},"s":{"a":1,"k":[{"i":{"x":[0.461,0.461,0.667],"y":[0.461,0.461,-18.2]},"o":{"x":[0.551,0.551,0.333],"y":[0,0,0]},"t":2.003,"s":[0,0,100]},{"i":{"x":[0.48,0.48,0.667],"y":[1.015,1.015,1]},"o":{"x":[0.185,0.185,0.333],"y":[0.226,0.226,19.2]},"t":10.01,"s":[30.798,30.798,100]},{"t":18.018213526026,"s":[56,56,100]}],"ix":6,"l":2}},"ao":0,"shapes":[{"ty":"gr","it":[{"ind":0,"ty":"sh","ix":1,"ks":{"a":0,"k":{"i":[[62.07,-0.004],[50.294,-56.88],[1.607,1.817],[78.553,0],[46.132,-31.454],[2.761,-78.248],[-241.648,-218.634],[0,0],[-22.289,0],[-17.426,15.822],[0,0],[31.628,196.721],[36.459,34.555]],"o":[[-78.571,0.005],[-1.606,1.818],[-50.282,-56.861],[-49.019,0],[-64.9,44.187],[-5.984,178.589],[0,0],[17.554,16.169],[22.128,0],[0,0],[258.332,-234.713],[-7.974,-49.596],[-55.172,-52.291]],"v":[[196.283,-406.126],[-8.023,-313.28],[-13.904,-313.28],[-218.129,-405.924],[-363.539,-360.528],[-471.245,-163.067],[-77.704,377.304],[-72.64,381.907],[-10.493,406.13],[51.175,382.367],[55.778,378.225],[445.602,-200.601],[377.531,-331.403]],"c":true},"ix":2},"nm":"Path 1","mn":"ADBE Vector Shape - Group","hd":false},{"ty":"fl","c":{"a":0,"k":[0.372549019608,0.090196078431,0.772549019608,1],"ix":4},"o":{"a":0,"k":100,"ix":5},"r":1,"bm":0,"nm":"Fill 1","mn":"ADBE Vector Graphic - Fill","hd":false},{"ty":"tr","p":{"a":0,"k":[477.479,406.38],"ix":2},"a":{"a":0,"k":[0,0],"ix":1},"s":{"a":0,"k":[100,100],"ix":3},"r":{"a":0,"k":0,"ix":6},"o":{"a":0,"k":100,"ix":7},"sk":{"a":0,"k":0,"ix":4},"sa":{"a":0,"k":0,"ix":5},"nm":"Transform"}],"nm":"Group 1","np":2,"cix":2,"bm":0,"ix":1,"mn":"ADBE Vector Group","hd":false}],"ip":0,"op":30,"st":26.026026026026,"bm":0}],"markers":[{"tm":0,"cm":"Tap Animation Start","dr":0},{"tm":60,"cm":"Tap Animation Stop","dr":0},{"tm":142,"cm":"Fade Animation Start","dr":0},{"tm":152,"cm":"Fade Animation Stop","dr":0}]}