{"v":"5.10.2","fr":60,"ip":0,"op":61,"w":1080,"h":1080,"nm":"Order Rejected _Order Type","ddd":0,"assets":[],"layers":[{"ddd":0,"ind":1,"ty":4,"nm":"Layer 3 Outlines","sr":1,"ks":{"o":{"a":1,"k":[{"i":{"x":[0.667],"y":[1]},"o":{"x":[0.333],"y":[0]},"t":10,"s":[0]},{"t":20,"s":[100]}],"ix":11},"r":{"a":0,"k":0,"ix":10},"p":{"a":1,"k":[{"i":{"x":0,"y":1},"o":{"x":0.333,"y":0},"t":10,"s":[540,742.68,0],"to":[0,-78.583,0],"ti":[0,0,0]},{"i":{"x":0,"y":1},"o":{"x":0.333,"y":0},"t":20,"s":[540,271.18,0],"to":[0,0,0],"ti":[0,0,0]},{"i":{"x":0.667,"y":1},"o":{"x":0.333,"y":0},"t":48.889,"s":[540,772.68,0],"to":[0,0,0],"ti":[0,0,0]},{"t":60,"s":[540,742.68,0]}],"ix":2,"l":2},"a":{"a":0,"k":[1,1.184,0],"ix":1,"l":2},"s":{"a":0,"k":[4500,4500,100],"ix":6,"l":2}},"ao":0,"shapes":[{"ty":"gr","it":[{"ind":0,"ty":"sh","ix":1,"ks":{"a":1,"k":[{"i":{"x":0,"y":1},"o":{"x":0.333,"y":0},"t":20,"s":[{"i":[[0.414,0],[0,0.414],[0,0],[-0.414,0],[0,-0.414],[0,0]],"o":[[-0.414,0],[0,0],[0,-0.414],[0.414,0],[0,0],[0,0.414]],"v":[[0,0.934],[-0.75,0.184],[-0.75,0.183],[0,-0.567],[0.75,0.183],[0.75,0.184]],"c":true}]},{"i":{"x":0,"y":1},"o":{"x":0.333,"y":0},"t":26.666,"s":[{"i":[[0.414,0],[0,0.414],[0,0],[-0.414,0],[0,-0.414],[0,0]],"o":[[-0.414,0],[0,0],[0,-0.414],[0.414,0],[0,0],[0,0.414]],"v":[[0,0.934],[-0.75,0.184],[-0.75,0.183],[0,-0.567],[0.75,0.183],[0.75,0.184]],"c":true}]},{"i":{"x":0,"y":1},"o":{"x":0.333,"y":0},"t":30,"s":[{"i":[[0.414,0],[0,0.414],[0,0],[-0.414,0],[0,-0.414],[0,0]],"o":[[-0.414,0],[0,0],[0,-0.414],[0.414,0],[0,0],[0,0.414]],"v":[[0,0.934],[-0.75,0.184],[-0.75,-0.65],[0,-1.4],[0.75,-0.65],[0.75,0.184]],"c":true}]},{"i":{"x":0.667,"y":1},"o":{"x":0.333,"y":0},"t":48.889,"s":[{"i":[[0.414,0],[0,0.414],[0,0],[-0.414,0],[0,-0.414],[0,0]],"o":[[-0.414,0],[0,0],[0,-0.414],[0.414,0],[0,0],[0,0.414]],"v":[[0,0.934],[-0.75,0.184],[-0.75,0.183],[0,-0.567],[0.75,0.183],[0.75,0.184]],"c":true}]},{"t":60,"s":[{"i":[[0.414,0],[0,0.414],[0,0],[-0.414,0],[0,-0.414],[0,0]],"o":[[-0.414,0],[0,0],[0,-0.414],[0.414,0],[0,0],[0,0.414]],"v":[[0,0.934],[-0.75,0.184],[-0.75,-0.184],[0,-0.934],[0.75,-0.184],[0.75,0.184]],"c":true}]}],"ix":2},"nm":"Path 1","mn":"ADBE Vector Shape - Group","hd":false},{"ty":"fl","c":{"a":0,"k":[1,1,1,1],"ix":4},"o":{"a":0,"k":100,"ix":5},"r":1,"bm":0,"nm":"Fill 1","mn":"ADBE Vector Graphic - Fill","hd":false},{"ty":"tr","p":{"a":0,"k":[1,1.184],"ix":2},"a":{"a":0,"k":[0,0],"ix":1},"s":{"a":0,"k":[100,100],"ix":3},"r":{"a":0,"k":0,"ix":6},"o":{"a":0,"k":100,"ix":7},"sk":{"a":0,"k":0,"ix":4},"sa":{"a":0,"k":0,"ix":5},"nm":"Transform"}],"nm":"Group 1","np":2,"cix":2,"bm":0,"ix":1,"mn":"ADBE Vector Group","hd":false}],"ip":10,"op":190,"st":10,"ct":1,"bm":0},{"ddd":0,"ind":2,"ty":4,"nm":"Layer 4 Outlines","sr":1,"ks":{"o":{"a":0,"k":100,"ix":11},"r":{"a":0,"k":0,"ix":10},"p":{"a":0,"k":[540,446.558,0],"ix":2,"l":2},"a":{"a":0,"k":[0.75,3.361,0],"ix":1,"l":2},"s":{"a":0,"k":[4500,4500,100],"ix":6,"l":2}},"ao":0,"shapes":[{"ty":"gr","it":[{"ind":0,"ty":"sh","ix":1,"ks":{"a":1,"k":[{"i":{"x":0.667,"y":1},"o":{"x":0.333,"y":0},"t":33.334,"s":[{"i":[[0,0],[0,0]],"o":[[0,0],[0,0]],"v":[[0.75,0.75],[0.75,6.728]],"c":false}]},{"t":46.666015625,"s":[{"i":[[0,0],[0,0]],"o":[[0,0],[0,0]],"v":[[0.75,0.75],[0.75,5.972]],"c":false}]}],"ix":2},"nm":"Path 1","mn":"ADBE Vector Shape - Group","hd":false},{"ty":"st","c":{"a":0,"k":[1,1,1,1],"ix":3},"o":{"a":0,"k":100,"ix":4},"w":{"a":0,"k":1.5,"ix":5},"lc":2,"lj":1,"ml":10,"bm":0,"nm":"Stroke 1","mn":"ADBE Vector Graphic - Stroke","hd":false},{"ty":"tr","p":{"a":0,"k":[0,0],"ix":2},"a":{"a":0,"k":[0,0],"ix":1},"s":{"a":0,"k":[100,100],"ix":3},"r":{"a":0,"k":0,"ix":6},"o":{"a":0,"k":100,"ix":7},"sk":{"a":0,"k":0,"ix":4},"sa":{"a":0,"k":0,"ix":5},"nm":"Transform"}],"nm":"Group 1","np":2,"cix":2,"bm":0,"ix":1,"mn":"ADBE Vector Group","hd":false},{"ty":"tm","s":{"a":1,"k":[{"i":{"x":[0],"y":[1.079]},"o":{"x":[0.333],"y":[0]},"t":23.334,"s":[0]},{"t":38.888671875,"s":[100]}],"ix":1},"e":{"a":0,"k":0,"ix":2},"o":{"a":0,"k":0,"ix":3},"m":1,"ix":2,"nm":"Trim Paths 1","mn":"ADBE Vector Filter - Trim","hd":false}],"ip":10,"op":190,"st":10,"ct":1,"bm":0},{"ddd":0,"ind":3,"ty":3,"nm":"Null 8","sr":1,"ks":{"o":{"a":0,"k":0,"ix":11},"r":{"a":0,"k":0,"ix":10},"p":{"a":0,"k":[541.915,540.864,0],"ix":2,"l":2},"a":{"a":0,"k":[50,50,0],"ix":1,"l":2},"s":{"a":1,"k":[{"i":{"x":[0.667,0.667,0.667],"y":[1,1,1]},"o":{"x":[0.333,0.333,0.333],"y":[0,0,0]},"t":0,"s":[100,100,100]},{"i":{"x":[0.667,0.667,0.667],"y":[1,1,1]},"o":{"x":[0.333,0.333,0.333],"y":[0,0,0]},"t":10,"s":[105,105,100]},{"t":20,"s":[100,100,100]}],"ix":6,"l":2}},"ao":0,"ip":0,"op":61,"st":0,"bm":0},{"ddd":0,"ind":4,"ty":4,"nm":"Shape Layer 4","parent":3,"sr":1,"ks":{"o":{"a":0,"k":100,"ix":11},"r":{"a":0,"k":0,"ix":10},"p":{"a":1,"k":[{"i":{"x":0.833,"y":0.833},"o":{"x":0.167,"y":0.167},"t":0,"s":[47.093,289.711,0],"to":[0,-40,0],"ti":[0,40,0]},{"t":5,"s":[47.093,49.711,0]}],"ix":2,"l":2},"a":{"a":0,"k":[-0.843,0.488,0],"ix":1,"l":2},"s":{"a":1,"k":[{"i":{"x":[0,0,0],"y":[1,1,1]},"o":{"x":[0.333,0.333,0.333],"y":[0,0,0]},"t":0,"s":[0,0,100]},{"t":10,"s":[117.7,117.7,100]}],"ix":6,"l":2}},"ao":0,"shapes":[{"ty":"gr","it":[{"d":1,"ty":"el","s":{"a":0,"k":[708.303,708.303],"ix":2},"p":{"a":0,"k":[0,0],"ix":3},"nm":"Ellipse Path 1","mn":"ADBE Vector Shape - Ellipse","hd":false},{"ty":"st","c":{"a":0,"k":[0.019607843137,0.662745098039,0.239215686275,1],"ix":3},"o":{"a":0,"k":100,"ix":4},"w":{"a":0,"k":0,"ix":5},"lc":2,"lj":1,"ml":4,"bm":0,"nm":"Stroke 1","mn":"ADBE Vector Graphic - Stroke","hd":false},{"ty":"fl","c":{"a":1,"k":[{"i":{"x":[0.999],"y":[1]},"o":{"x":[1],"y":[0]},"t":0,"s":[0.019607843137,0.662745098039,0.239215701234,1]},{"t":10,"s":[0.890196084976,0.192156866193,0.23137255013,1]}],"ix":4},"o":{"a":0,"k":100,"ix":5},"r":1,"bm":0,"nm":"Fill 1","mn":"ADBE Vector Graphic - Fill","hd":false},{"ty":"tr","p":{"a":0,"k":[-0.843,0.488],"ix":2},"a":{"a":0,"k":[0,0],"ix":1},"s":{"a":0,"k":[100,100],"ix":3},"r":{"a":0,"k":0,"ix":6},"o":{"a":0,"k":100,"ix":7},"sk":{"a":0,"k":0,"ix":4},"sa":{"a":0,"k":0,"ix":5},"nm":"Transform"}],"nm":"Ellipse 1","np":3,"cix":2,"bm":0,"ix":1,"mn":"ADBE Vector Group","hd":false}],"ip":0,"op":61,"st":0,"ct":1,"bm":0},{"ddd":0,"ind":5,"ty":4,"nm":"Tick 6","parent":3,"sr":1,"ks":{"o":{"a":0,"k":100,"ix":11},"r":{"a":0,"k":0,"ix":10},"p":{"a":0,"k":[48.085,49.136,0],"ix":2,"l":2},"a":{"a":0,"k":[12,12,0],"ix":1,"l":2},"s":{"a":0,"k":[4500,4500,100],"ix":6,"l":2}},"ao":0,"shapes":[{"ty":"gr","it":[{"ind":0,"ty":"sh","ix":1,"ks":{"a":0,"k":{"i":[[0,0],[0,0],[0,0]],"o":[[0,0],[0,0],[0,0]],"v":[[-4.625,0.1],[-1.637,3.131],[7.916,-6.396]],"c":false},"ix":2},"nm":"Path 1","mn":"ADBE Vector Shape - Group","hd":false},{"ty":"st","c":{"a":0,"k":[0.019607843137,0.662745098039,0.239215701234,1],"ix":3},"o":{"a":0,"k":100,"ix":4},"w":{"a":0,"k":1.5,"ix":5},"lc":2,"lj":2,"bm":0,"nm":"Stroke 1","mn":"ADBE Vector Graphic - Stroke","hd":false},{"ty":"tr","p":{"a":0,"k":[12,12],"ix":2},"a":{"a":0,"k":[0,0],"ix":1},"s":{"a":0,"k":[100.222,100.109],"ix":3},"r":{"a":0,"k":0,"ix":6},"o":{"a":0,"k":100,"ix":7},"sk":{"a":0,"k":0,"ix":4},"sa":{"a":0,"k":0,"ix":5},"nm":"Transform"}],"nm":"Group 1","np":2,"cix":2,"bm":0,"ix":1,"mn":"ADBE Vector Group","hd":false},{"ty":"tm","s":{"a":1,"k":[{"i":{"x":[0.667],"y":[1]},"o":{"x":[0.333],"y":[0]},"t":1,"s":[90.448]},{"t":14,"s":[52.607]}],"ix":1},"e":{"a":1,"k":[{"i":{"x":[0.667],"y":[1]},"o":{"x":[0.333],"y":[0]},"t":1,"s":[21.604]},{"t":14,"s":[51.62]}],"ix":2},"o":{"a":0,"k":-60.4,"ix":3},"m":1,"ix":2,"nm":"Trim Paths 1","mn":"ADBE Vector Filter - Trim","hd":false}],"ip":1,"op":15,"st":-30,"ct":1,"bm":0},{"ddd":0,"ind":6,"ty":4,"nm":"Tick 7","sr":1,"ks":{"o":{"a":0,"k":100,"ix":11},"r":{"a":0,"k":0,"ix":10},"p":{"a":0,"k":[540,540,0],"ix":2,"l":2},"a":{"a":0,"k":[12,12,0],"ix":1,"l":2},"s":{"a":0,"k":[4500,4500,100],"ix":6,"l":2}},"ao":0,"shapes":[{"ty":"gr","it":[{"ind":0,"ty":"sh","ix":1,"ks":{"a":0,"k":{"i":[[0,0],[0,0],[0,0]],"o":[[0,0],[0,0],[0,0]],"v":[[-4.625,0.1],[-1.637,3.131],[4.64,-3.146]],"c":false},"ix":2},"nm":"Path 1","mn":"ADBE Vector Shape - Group","hd":false},{"ty":"st","c":{"a":0,"k":[0.019607843137,0.662745098039,0.239215701234,1],"ix":3},"o":{"a":0,"k":100,"ix":4},"w":{"a":0,"k":1.5,"ix":5},"lc":2,"lj":2,"bm":0,"nm":"Stroke 1","mn":"ADBE Vector Graphic - Stroke","hd":false},{"ty":"tr","p":{"a":0,"k":[12,12],"ix":2},"a":{"a":0,"k":[0,0],"ix":1},"s":{"a":0,"k":[100,100],"ix":3},"r":{"a":0,"k":0,"ix":6},"o":{"a":0,"k":100,"ix":7},"sk":{"a":0,"k":0,"ix":4},"sa":{"a":0,"k":0,"ix":5},"nm":"Transform"}],"nm":"Group 1","np":2,"cix":2,"bm":0,"ix":1,"mn":"ADBE Vector Group","hd":false}],"ip":0,"op":2,"st":-30,"ct":1,"bm":0},{"ddd":0,"ind":7,"ty":4,"nm":"Circle 4","parent":3,"sr":1,"ks":{"o":{"a":0,"k":100,"ix":11},"r":{"a":0,"k":0,"ix":10},"p":{"a":0,"k":[51.915,50.864,0],"ix":2,"l":2},"a":{"a":0,"k":[0,0,0],"ix":1,"l":2},"s":{"a":0,"k":[100,100,100],"ix":6,"l":2}},"ao":0,"shapes":[{"ty":"gr","it":[{"d":1,"ty":"el","s":{"a":0,"k":[868.051,868.051],"ix":2},"p":{"a":0,"k":[0,0],"ix":3},"nm":"Ellipse Path 1","mn":"ADBE Vector Shape - Ellipse","hd":false},{"ty":"st","c":{"a":1,"k":[{"i":{"x":[0.999],"y":[1]},"o":{"x":[1],"y":[0]},"t":0,"s":[0.019607843137,0.662745098039,0.239215701234,1]},{"t":10,"s":[0.890196084976,0.192156866193,0.23137255013,1]}],"ix":3},"o":{"a":0,"k":100,"ix":4},"w":{"a":0,"k":71,"ix":5},"lc":2,"lj":1,"ml":4,"bm":0,"nm":"Stroke 1","mn":"ADBE Vector Graphic - Stroke","hd":false},{"ty":"tr","p":{"a":0,"k":[-3.83,-1.727],"ix":2},"a":{"a":0,"k":[0,0],"ix":1},"s":{"a":0,"k":[95.899,95.899],"ix":3},"r":{"a":0,"k":0,"ix":6},"o":{"a":0,"k":100,"ix":7},"sk":{"a":0,"k":0,"ix":4},"sa":{"a":0,"k":0,"ix":5},"nm":"Transform"}],"nm":"Ellipse 1","np":3,"cix":2,"bm":0,"ix":1,"mn":"ADBE Vector Group","hd":false},{"ty":"tm","s":{"a":0,"k":0,"ix":1},"e":{"a":0,"k":100,"ix":2},"o":{"a":0,"k":0,"ix":3},"m":1,"ix":2,"nm":"Trim Paths 1","mn":"ADBE Vector Filter - Trim","hd":false}],"ip":0,"op":61,"st":-69,"ct":1,"bm":0}],"markers":[{"tm":0,"cm":"Start","dr":0},{"tm":60,"cm":"End","dr":0}]}