{"v":"5.7.4","fr":60,"ip":0,"op":90,"w":65,"h":30,"nm":"Worm Lite loader Lottie Expanded","ddd":0,"assets":[],"layers":[{"ddd":0,"ind":1,"ty":4,"nm":"Inverted mask","td":1,"sr":1,"ks":{"o":{"a":0,"k":100,"ix":11},"r":{"a":0,"k":0,"ix":10},"p":{"a":0,"k":[32.5,15,0],"ix":2,"l":2},"a":{"a":0,"k":[-0.012,-0.309,0],"ix":1,"l":2},"s":{"a":0,"k":[102,102,100],"ix":6,"l":2}},"ao":0,"shapes":[{"ty":"gr","it":[{"ind":0,"ty":"sh","ix":1,"ks":{"a":1,"k":[{"i":{"x":0.667,"y":1},"o":{"x":1,"y":0},"t":72,"s":[{"i":[[0,-6.94],[6.94,0],[0,0],[0,6.94],[-6.94,0],[0,0]],"o":[[0,6.94],[0,0],[-6.94,0],[0,-6.94],[0,0],[6.94,0]],"v":[[-32.262,0],[-44.828,12.566],[52.181,12.566],[39.615,0],[52.181,-12.566],[-44.828,-12.566]],"c":true}]},{"t":89,"s":[{"i":[[0,-6.94],[6.94,0],[0,0],[0,6.94],[-6.94,0],[0,0]],"o":[[0,6.94],[0,0],[-6.94,0],[0,-6.94],[0,0],[6.94,0]],"v":[[35.753,0],[23.187,12.566],[52.181,12.566],[39.615,0],[52.181,-12.566],[23.187,-12.566]],"c":true}]}],"ix":2},"nm":"Path 1","mn":"ADBE Vector Shape - Group","hd":false},{"ty":"fl","c":{"a":0,"k":[0.372549019608,0.145098039216,0.623529411765,1],"ix":4},"o":{"a":0,"k":100,"ix":5},"r":1,"bm":0,"nm":"Fill 1","mn":"ADBE Vector Graphic - Fill","hd":false},{"ty":"tr","p":{"a":0,"k":[-0.012,-0.309],"ix":2},"a":{"a":0,"k":[0,0],"ix":1},"s":{"a":0,"k":[100,100],"ix":3},"r":{"a":0,"k":0,"ix":6},"o":{"a":0,"k":100,"ix":7},"sk":{"a":0,"k":0,"ix":4},"sa":{"a":0,"k":0,"ix":5},"nm":"Transform"}],"nm":"Rectangle 1","np":3,"cix":2,"bm":0,"ix":1,"mn":"ADBE Vector Group","hd":false}],"ip":60,"op":90,"st":60,"bm":0},{"ddd":0,"ind":2,"ty":4,"nm":"L-Purple Beam","tt":1,"sr":1,"ks":{"o":{"a":0,"k":100,"ix":11},"r":{"a":0,"k":0,"ix":10},"p":{"a":0,"k":[32.5,15,0],"ix":2,"l":2},"a":{"a":0,"k":[-0.012,-0.309,0],"ix":1,"l":2},"s":{"a":0,"k":[100,100,100],"ix":6,"l":2}},"ao":0,"shapes":[{"ty":"gr","it":[{"ind":0,"ty":"sh","ix":1,"ks":{"a":1,"k":[{"i":{"x":0,"y":1},"o":{"x":0.333,"y":0},"t":60,"s":[{"i":[[0,-6.94],[6.94,0],[0,0],[0,6.94],[-6.94,0],[0,0]],"o":[[0,6.94],[0,0],[-6.94,0],[0,-6.94],[0,0],[6.94,0]],"v":[[-4.917,0],[-17.484,12.566],[-17.672,12.566],[-30.238,0],[-17.672,-12.566],[-17.484,-12.566]],"c":true}]},{"t":75,"s":[{"i":[[0,-6.94],[6.94,0],[0,0],[0,6.94],[-6.94,0],[0,0]],"o":[[0,6.94],[0,0],[-6.94,0],[0,-6.94],[0,0],[6.94,0]],"v":[[30.238,0],[17.672,12.566],[-17.672,12.566],[-30.238,0],[-17.672,-12.566],[17.672,-12.566]],"c":true}]}],"ix":2},"nm":"Path 1","mn":"ADBE Vector Shape - Group","hd":false},{"ty":"fl","c":{"a":0,"k":[0.788235294118,0.545098039216,0.858823529412,1],"ix":4},"o":{"a":0,"k":100,"ix":5},"r":1,"bm":0,"nm":"Fill 1","mn":"ADBE Vector Graphic - Fill","hd":false},{"ty":"tr","p":{"a":0,"k":[-0.012,-0.309],"ix":2},"a":{"a":0,"k":[0,0],"ix":1},"s":{"a":0,"k":[100,100],"ix":3},"r":{"a":0,"k":0,"ix":6},"o":{"a":0,"k":100,"ix":7},"sk":{"a":0,"k":0,"ix":4},"sa":{"a":0,"k":0,"ix":5},"nm":"Transform"}],"nm":"Rectangle 1","np":3,"cix":2,"bm":0,"ix":1,"mn":"ADBE Vector Group","hd":false}],"ip":60,"op":90,"st":60,"bm":0},{"ddd":0,"ind":3,"ty":4,"nm":"Inverted mask","td":1,"sr":1,"ks":{"o":{"a":0,"k":100,"ix":11},"r":{"a":0,"k":0,"ix":10},"p":{"a":0,"k":[32.5,15,0],"ix":2,"l":2},"a":{"a":0,"k":[-0.012,-0.309,0],"ix":1,"l":2},"s":{"a":0,"k":[102,102,100],"ix":6,"l":2}},"ao":0,"shapes":[{"ty":"gr","it":[{"ind":0,"ty":"sh","ix":1,"ks":{"a":1,"k":[{"i":{"x":0.667,"y":1},"o":{"x":1,"y":0},"t":42,"s":[{"i":[[0,-6.94],[6.94,0],[0,0],[0,6.94],[-6.94,0],[0,0]],"o":[[0,6.94],[0,0],[-6.94,0],[0,-6.94],[0,0],[6.94,0]],"v":[[-32.262,0],[-44.828,12.566],[52.181,12.566],[39.615,0],[52.181,-12.566],[-44.828,-12.566]],"c":true}]},{"t":59,"s":[{"i":[[0,-6.94],[6.94,0],[0,0],[0,6.94],[-6.94,0],[0,0]],"o":[[0,6.94],[0,0],[-6.94,0],[0,-6.94],[0,0],[6.94,0]],"v":[[35.753,0],[23.187,12.566],[52.181,12.566],[39.615,0],[52.181,-12.566],[23.187,-12.566]],"c":true}]}],"ix":2},"nm":"Path 1","mn":"ADBE Vector Shape - Group","hd":false},{"ty":"fl","c":{"a":0,"k":[0.372549019608,0.145098039216,0.623529411765,1],"ix":4},"o":{"a":0,"k":100,"ix":5},"r":1,"bm":0,"nm":"Fill 1","mn":"ADBE Vector Graphic - Fill","hd":false},{"ty":"tr","p":{"a":0,"k":[-0.012,-0.309],"ix":2},"a":{"a":0,"k":[0,0],"ix":1},"s":{"a":0,"k":[100,100],"ix":3},"r":{"a":0,"k":0,"ix":6},"o":{"a":0,"k":100,"ix":7},"sk":{"a":0,"k":0,"ix":4},"sa":{"a":0,"k":0,"ix":5},"nm":"Transform"}],"nm":"Rectangle 1","np":3,"cix":2,"bm":0,"ix":1,"mn":"ADBE Vector Group","hd":false}],"ip":30,"op":60,"st":30,"bm":0},{"ddd":0,"ind":4,"ty":4,"nm":"Blue Beam","tt":1,"sr":1,"ks":{"o":{"a":0,"k":100,"ix":11},"r":{"a":0,"k":0,"ix":10},"p":{"a":0,"k":[32.5,15,0],"ix":2,"l":2},"a":{"a":0,"k":[-0.012,-0.309,0],"ix":1,"l":2},"s":{"a":0,"k":[100,100,100],"ix":6,"l":2}},"ao":0,"shapes":[{"ty":"gr","it":[{"ind":0,"ty":"sh","ix":1,"ks":{"a":1,"k":[{"i":{"x":0,"y":1},"o":{"x":0.333,"y":0},"t":30,"s":[{"i":[[0,-6.94],[6.94,0],[0,0],[0,6.94],[-6.94,0],[0,0]],"o":[[0,6.94],[0,0],[-6.94,0],[0,-6.94],[0,0],[6.94,0]],"v":[[-4.917,0],[-17.484,12.566],[-17.672,12.566],[-30.238,0],[-17.672,-12.566],[-17.484,-12.566]],"c":true}]},{"t":45,"s":[{"i":[[0,-6.94],[6.94,0],[0,0],[0,6.94],[-6.94,0],[0,0]],"o":[[0,6.94],[0,0],[-6.94,0],[0,-6.94],[0,0],[6.94,0]],"v":[[30.238,0],[17.672,12.566],[-17.672,12.566],[-30.238,0],[-17.672,-12.566],[17.672,-12.566]],"c":true}]}],"ix":2},"nm":"Path 1","mn":"ADBE Vector Shape - Group","hd":false},{"ty":"fl","c":{"a":0,"k":[0,0.278431372549,0.733333333333,1],"ix":4},"o":{"a":0,"k":100,"ix":5},"r":1,"bm":0,"nm":"Fill 1","mn":"ADBE Vector Graphic - Fill","hd":false},{"ty":"tr","p":{"a":0,"k":[-0.012,-0.309],"ix":2},"a":{"a":0,"k":[0,0],"ix":1},"s":{"a":0,"k":[100,100],"ix":3},"r":{"a":0,"k":0,"ix":6},"o":{"a":0,"k":100,"ix":7},"sk":{"a":0,"k":0,"ix":4},"sa":{"a":0,"k":0,"ix":5},"nm":"Transform"}],"nm":"Rectangle 1","np":3,"cix":2,"bm":0,"ix":1,"mn":"ADBE Vector Group","hd":false}],"ip":30,"op":60,"st":30,"bm":0},{"ddd":0,"ind":5,"ty":4,"nm":"Inverted mask","td":1,"sr":1,"ks":{"o":{"a":0,"k":100,"ix":11},"r":{"a":0,"k":0,"ix":10},"p":{"a":0,"k":[32.5,15,0],"ix":2,"l":2},"a":{"a":0,"k":[-0.012,-0.309,0],"ix":1,"l":2},"s":{"a":0,"k":[102,102,100],"ix":6,"l":2}},"ao":0,"shapes":[{"ty":"gr","it":[{"ind":0,"ty":"sh","ix":1,"ks":{"a":1,"k":[{"i":{"x":0.667,"y":1},"o":{"x":1,"y":0},"t":12,"s":[{"i":[[0,-6.94],[6.94,0],[0,0],[0,6.94],[-6.94,0],[0,0]],"o":[[0,6.94],[0,0],[-6.94,0],[0,-6.94],[0,0],[6.94,0]],"v":[[-32.262,0],[-44.828,12.566],[52.181,12.566],[39.615,0],[52.181,-12.566],[-44.828,-12.566]],"c":true}]},{"t":29,"s":[{"i":[[0,-6.94],[6.94,0],[0,0],[0,6.94],[-6.94,0],[0,0]],"o":[[0,6.94],[0,0],[-6.94,0],[0,-6.94],[0,0],[6.94,0]],"v":[[35.753,0],[23.187,12.566],[52.181,12.566],[39.615,0],[52.181,-12.566],[23.187,-12.566]],"c":true}]}],"ix":2},"nm":"Path 1","mn":"ADBE Vector Shape - Group","hd":false},{"ty":"fl","c":{"a":0,"k":[0.372549019608,0.145098039216,0.623529411765,1],"ix":4},"o":{"a":0,"k":100,"ix":5},"r":1,"bm":0,"nm":"Fill 1","mn":"ADBE Vector Graphic - Fill","hd":false},{"ty":"tr","p":{"a":0,"k":[-0.012,-0.309],"ix":2},"a":{"a":0,"k":[0,0],"ix":1},"s":{"a":0,"k":[100,100],"ix":3},"r":{"a":0,"k":0,"ix":6},"o":{"a":0,"k":100,"ix":7},"sk":{"a":0,"k":0,"ix":4},"sa":{"a":0,"k":0,"ix":5},"nm":"Transform"}],"nm":"Rectangle 1","np":3,"cix":2,"bm":0,"ix":1,"mn":"ADBE Vector Group","hd":false}],"ip":0,"op":30,"st":0,"bm":0},{"ddd":0,"ind":6,"ty":4,"nm":"Purple Beam","tt":1,"sr":1,"ks":{"o":{"a":0,"k":100,"ix":11},"r":{"a":0,"k":0,"ix":10},"p":{"a":0,"k":[32.5,15,0],"ix":2,"l":2},"a":{"a":0,"k":[-0.012,-0.309,0],"ix":1,"l":2},"s":{"a":0,"k":[100,100,100],"ix":6,"l":2}},"ao":0,"shapes":[{"ty":"gr","it":[{"ind":0,"ty":"sh","ix":1,"ks":{"a":1,"k":[{"i":{"x":0,"y":1},"o":{"x":0.333,"y":0},"t":0,"s":[{"i":[[0,-6.94],[6.94,0],[0,0],[0,6.94],[-6.94,0],[0,0]],"o":[[0,6.94],[0,0],[-6.94,0],[0,-6.94],[0,0],[6.94,0]],"v":[[-4.917,0],[-17.484,12.566],[-17.672,12.566],[-30.238,0],[-17.672,-12.566],[-17.484,-12.566]],"c":true}]},{"t":15,"s":[{"i":[[0,-6.94],[6.94,0],[0,0],[0,6.94],[-6.94,0],[0,0]],"o":[[0,6.94],[0,0],[-6.94,0],[0,-6.94],[0,0],[6.94,0]],"v":[[30.238,0],[17.672,12.566],[-17.672,12.566],[-30.238,0],[-17.672,-12.566],[17.672,-12.566]],"c":true}]}],"ix":2},"nm":"Path 1","mn":"ADBE Vector Shape - Group","hd":false},{"ty":"fl","c":{"a":0,"k":[0.372549019608,0.145098039216,0.623529411765,1],"ix":4},"o":{"a":0,"k":100,"ix":5},"r":1,"bm":0,"nm":"Fill 1","mn":"ADBE Vector Graphic - Fill","hd":false},{"ty":"tr","p":{"a":0,"k":[-0.012,-0.309],"ix":2},"a":{"a":0,"k":[0,0],"ix":1},"s":{"a":0,"k":[100,100],"ix":3},"r":{"a":0,"k":0,"ix":6},"o":{"a":0,"k":100,"ix":7},"sk":{"a":0,"k":0,"ix":4},"sa":{"a":0,"k":0,"ix":5},"nm":"Transform"}],"nm":"Rectangle 1","np":3,"cix":2,"bm":0,"ix":1,"mn":"ADBE Vector Group","hd":false}],"ip":0,"op":30,"st":0,"bm":0}],"markers":[{"tm":0,"cm":"Style 1","dr":0},{"tm":30,"cm":"Style 2","dr":0},{"tm":60,"cm":"Style 3","dr":0}]}