{
    "bannersConfig": {
        "banners": {
            "MF_BANNER": [
                {
                    "bannerType": "GENERIC",
                    "bannerID": "4",
                    "imageURL": "https://imgstatic.phonepe.com/images/stocks/mobile/1312/376/Market_MF_Banner.png",
                    "imagePath": "stocks/mobile/{width}/{height}/Market_MF_Banner.png",
                    "deeplink": {
                        "deeplinkType": "EXTERNAL",
                        "uri": "phonepe://mfHome",
                        "androidUri": "phonepe://internal?action_nav=investmentsTab&nav_data=eyJkYXRhIjpbXX0=",
                        "iosUri": "phonepe://mfHome",
                        "fallbackDeeplink": {
                            "deeplinkType": "EXTERNAL",
                            "uri": "https://phon.pe/investmentsTab",
                            "androidUri": "https://phon.pe/investmentsTab",
                            "iosUri": "https://phon.pe/investmentsTab"
                        }
                    }
                }
            ],
            "MARKET_CAROUSEL": [
                {
                    "bannerType": "GENERIC",
                    "bannerID": "IPO_BANNER",
                    "imagePath": "stocks/mobile/{width}/{height}/banner_browse_IPOs_1.png",
                    "deeplink": {
                        "deeplinkType": "INTERNAL",
                        "iosUri": "phonepe-wealth://app/ipo"
                    }
                }
            ]
        }
    }
}
