{
  "userShowOrderReview": {
    "flatNode": {
      "type": "VALUE",
      "value": {
        "value": true,
        "valueType": "BOOLEAN"
      }
    },
    "crisp": "csv1::"
  },
  "orderConfirmationTakingLongerTimeout": {
    "flatNode": {
      "type": "VALUE",
      "value": {
        "value": 3000,
        "valueType": "NUMBER"
      }
    },
    "crisp": "csv1::"
  },
  "buySellConfig": {
    "flatNode": {
      "type": "LIST",
      "nodes": [
        "buySellOrdersErrorCode",
        "orderConfirmationAutoCloseTimeout",
        "orderConfirmationTakingLongerTimeout",
        "userShowOrderReview"
      ]
    },
    "crisp": "csv1::"
  },
  "orderConfirmationAutoCloseTimeout": {
    "flatNode": {
      "type": "VALUE",
      "value": {
        "value": 3000,
        "valueType": "NUMBER"
      }
    },
    "crisp": "csv1::"
  },
  "buySellOrdersErrorCode": {
    "flatNode": {
      "type": "VALUE",
      "value": {
        "value": {
          "TRIGGER_PRICE_LESSER_THAN_LIMIT_PRICE": {
            "title": "Trigger price should be greater than the limit price."
          },
          "TRIGGER_PRICE_NOT_A_MULTIPLE_OF_TICK_SIZE": {
            "title": "Price should be in multiple of %1$s"
          },
          "INSUFFICIENT_SELL_QTY": {
            "title": "Please enter quantity less than or equal to %1$s shares."
          },
          "TRIGGER_PRICE_ZERO": {
            "title": "Price should be greater than 0"
          },
          "TRIGGER_PRICE_GREATER_THAN_LIMIT_PRICE": {
            "title": "Trigger price should be less than the limit price."
          },
          "AMOUNT_ZERO": {
            "title": "Amount should be greater than 0."
          },
          "SERVICE_CLIENT_ERROR": {
            "title": "We could not place your order due to technical issues. Please try again after some time."
          },
          "TRIGGER_PRICE_GREATER_THAN_LTP": {
            "title": "Please enter trigger price lower than the last traded price."
          },
          "TRIGGER_PRICE_LESSER_THAN_LOWER_CIRCUIT": {
            "title": "Please enter trigger price more than or equal to %1$s"
          },
          "LIMIT_PRICE_NOT_A_MULTIPLE_OF_TICK_SIZE": {
            "title": "Price should be in multiple of %1$s"
          },
          "LIMIT_PRICE_GREATER_THAN_UPPER_CIRCUIT": {
            "title": "Please enter limit price less than or equal to %1$s."
          },
          "AMOUNT_NOT_ENOUGH": {
            "title": "The amount you entered is not sufficient to buy any quantity."
          },
          "LIMIT_PRICE_ZERO": {
            "title": "Price should be greater than 0"
          },
          "ZERO_SELL_QUANTITY": {
            "title": "You don't seem to have this instrument in your demat account."
          },
          "LIMIT_PRICE_NOT_LESS_THAN_TRIGGER_PRICE_ON_SELL": {
            "title": "Trigger price should be greater than the limit price"
          },
          "TRIGGER_PRICE_LESSER_THAN_LTP": {
            "title": "Please enter trigger price higher than the last traded price."
          },
          "QUANTITY_ZERO": {
            "title": "Qty should be greater than 0"
          },
          "LIMIT_PRICE_LESSER_THAN_LOWER_CIRCUIT": {
            "title": "Please enter limit price more than or equal to %1$s."
          },
          "SCRIP_DETAILS_NOT_FOUND": {
            "title": "The selected instrument is not available for trading. This could be due to regulatory requirements."
          },
          "TRIGGER_PRICE_GREATER_THAN_UPPER_CIRCUIT": {
            "title": "Please enter trigger price less than or equal to %1$s."
          },
          "LIMIT_PRICE_NOT_MORE_THAN_TRIGGER_PRICE_ON_BUY": {
            "title": "Trigger price should be less than the limit price"
          }
        },
        "valueType": "JSON"
      }
    },
    "crisp": "csv1::"
  }
}
