{
  "commonConfig": {
    "disclaimerInfo": {
      "header": "Disclaimer",
      "description": "The trademarks / trade-logos of the Stocks displayed on PPWB Platforms (App/ website) are property of respective trademark / trade-logo owners. Such trademarks / trade-logos of the Stocks are being displayed here in good faith, for general informational purposes only and to ease of brand recall for the customers/ investors/ public at large. Customers/ Investors and/ or any third parties are not permitted to make any usage of such trademarks / trade-logos without prior express written consent of the respective trademarks / trade-logos Owners. PPWB neither claims any ownership rights on such trademarks / trade-logos of any nature nor provide any warranty (express or implied) or assurance regarding correctness or completeness or accuracy of such information on the PPWB Platforms."
    },
    "loginTncUrl": "https://share.market/app/terms-conditions",
    "loginPrivacyUrl": "https://www.phonepe.com/privacy-policy/app/",
    "foxtrotConfig": {
        "flushSize": 20,
        "timeBeforeFlushInSeconds": 50,
        "whitelistedForcePushEventsList": []
      }
  }
}
