{
  "marketsConfig": {
    "marketsWidget": [
      {
        "key": "MARKET_INDICES",
        "title": "Indices",
        "show": true
      },
      {
        "key": "MARKET_BANNERS_CAROUSEL",
        "title": "Market Banners",
        "show": true
      },
      {
        "key": "MARKET_MOVEMENTS",
        "title": "Advances & Declines",
        "show": true
      },
      {
        "key": "STOCK_MOVEMENT",
        "title": "Stock Movement",
        "show": true
      },
      {
        "key": "MARKET_SECTORAL_INDICES",
        "title": "Sectoral Performance",
        "show": true
      },
      {
        "key": "MARKET_MF_BANNER",
        "title": "MF Banner",
        "show": true
      },
      {
        "key": "MARKET_ETFS",
        "title": "Trending ETFs",
        "show": true
      },
      {
        "key": "MARKET_INVESTMENTS",
        "title": "FII & DII Cash Provisional",
        "show": true
      },
      {
        "key": "MARKET_NEWS",
        "title": "News",
        "show": true
      }
    ],
    "marketsErrorCodes": {
      "MARKETS_LOAD_SERVER_ERROR": {
        "title": "Unable to load data",
        "subTitle": "We are currently unable to load this data. Please try again later.",
        "primary_cta": "Refresh"
      }
    },
    "mfBanner": {
      "deeplink": "https:\/\/phon.pe\/investmentsTab",
      "imageURL": "https:\/\/imgstatic.phonepe.com\/images\/stocks\/mobile\/328\/94\/Market_MF_Banner.png"
    },
    "marketsInfo": {
      "MARKETS_ADV_DEC_INFO": {
        "header": "Advances & Declines",
        "description": "Advances and declines refer to the number of securities that have increased or decreased in price during a specific period of time."
      },
      "MARKETS_FII_DII_INFO": {
        "header": "FII & DII Cash Provisional",
        "description": "Institutional investors established or incorporated outside India seeking to invest in securities in India are called Foreign Institutional Investors (FII). \n \nInstitutional investors who invest in their home country are called as domestic institutional investors (DII)."
      },
      "MARKETS_DISCLAIMER_INFO": {
        "headerss": "Disclaimer",
        "description": "The trademarks / trade-logos of the Stocks displayed on PPWB Platforms (App/ website) are property of respective trademark / trade-logo owners. Such trademarks / trade-logos of the Stocks are being displayed here in good faith, for general informational purposes only and to ease of brand recall for the customers/ investors/ public at large. Customers/ Investors and/ or any third parties are not permitted to make any usage of such trademarks / trade-logos without prior express written consent of the respective trademarks / trade-logos Owners. PPWB neither claims any ownership rights on such trademarks / trade-logos of any nature nor provide any warranty (express or implied) or assurance regarding correctness or completeness or accuracy of such information on the PPWB Platforms"
      }
    }
  }
}
