{
    "onboardingConfig": {
        "openAccountScreen": {
            "NOT_STARTED": {
                "title": "Open Your Demat & Trading  Account with Share.Market",
                "subTitle": "Trade on Stocks, ETFs and WealthBaskets",
                "primaryImage": {
                    "subUrl": "stocks/mobile/{width}/{height}/v3_acc_opening_charge_zero_brokerage.png",
                    "aspectRatio": 2.41
                },
                "offers": [
                    {
                        "priority": 1,
                        "title": "<span style='color:#17C55F;'> Zero Brokerage </span> on all Equity orders",
                        "subTitle": "Up-to overall brokerage value of ₹400",
                        "warningText": "Valid till 31st March 2024"
                    },
                    {
                        "priority": 2,
                        "title": "<span style='color:#17C55F;'> Zero Brokerage </span> on all WealthBasket orders",
                        "subTitle": "No upper cap; Zero Brokerage",
                        "warningText": "Valid till 31st March 2024"
                    },
                    {
                        "priority": 3,
                        "title": "Curated WealthBaskets",
                        "subTitle": "Collection of stocks or ETFs using research-driven process by experts"
                    }
                ],
                "imageSubUrls": [
                    {
                        "subUrl": "stocks/mobile/{width}/{height}/v2_brokerage_per_order.png",
                        "aspectRatio": 3.09,
                        "redirectUrl": "https://share.market/charges",
                        "eventData": "AOF_BROKERAGE_BANNER_CLICKED"
                    },
                    {
                        "subUrl": "stocks/mobile/{width}/{height}/v2_futures_options.png",
                        "aspectRatio": 6.83
                    }
                ],
                "primaryButtonText": "OPEN ACCOUNT NOW"
            }
        },
        "onboardingScreen": [
            {
                "data": {
                    "title": "Start Your Investment Journey With Us",
                    "imageUrl": "https://imgstatic.phonepe.com/images/stocks/mobile/120/120/demat_start_investing.png",
                    "imageSubUrl": "stocks/mobile/{width}/{height}/demat_start_investing.png",
                    "subTitle": "",
                    "descriptionList": [
                        "Easy onboarding",
                        "Invest in stocks, WealthBaskets and more",
                        "No hidden fees",
                        "Access dynamic market insights",
                        "Powerful tools to make you invest like a pro"
                    ],
                    "primaryButtonText": "OPEN ACCOUNT"
                },
                "status": "NOT_STARTED"
            },
            {
                "data": {
                    "title": "Resume Opening Your Demat Account",
                    "imageUrl": "https://imgstatic.phonepe.com/images/stocks/mobile/120/120/demat_demat_account.png",
                    "imageSubUrl": "stocks/mobile/{width}/{height}/demat_demat_account.png",
                    "subTitle": "",
                    "descriptionList": [
                        "Easy onboarding",
                        "Invest in stocks, WealthBaskets and more",
                        "No hidden fees",
                        "Access dynamic market insights",
                        "Powerful tools to make you invest like a pro"
                    ],
                    "primaryButtonText": "RESUME ACCOUNT OPENING"
                },
                "status": "IN_PROGRESS"
            },
            {
                "data": {
                    "title": "Your Documents Are Being Verified",
                    "imageUrl": "https://imgstatic.phonepe.com/images/stocks/mobile/120/120/demat_documents_bein_verified.png",
                    "imageSubUrl": "stocks/mobile/{width}/{height}/demat_documents_bein_verified.png",
                    "subTitle": "Everything is done from your side. We'll let you know once your demat account is activated. This may take up to 48 hours.",
                    "descriptionList": []
                },
                "status": "IN_REVIEW"
            },
            {
                "data": {
                    "title": "Your Account Activation Is In Progress",
                    "imageUrl": "https://imgstatic.phonepe.com/images/stocks/mobile/120/120/demat_almost_done.png",
                    "imageSubUrl": "stocks/mobile/{width}/{height}/demat_almost_done.png",
                    "subTitle": "Everything is done from your side. We'll let you know once your demat account is activated. This may take up to 48 hours.",
                    "descriptionList": []
                },
                "status": "ACCOUNT_UNDER_ACTIVATION"
            },
            {
                "data": {
                    "title": "Uh-Oh! There Was An Issue With Your Kyc",
                    "imageUrl": "https://imgstatic.phonepe.com/images/stocks/mobile/120/120/demat_issue_with_application.png",
                    "imageSubUrl": "stocks/mobile/{width}/{height}/demat_issue_with_application.png",
                    "subTitle": "Please fix the following issue and re-submit...",
                    "descriptionList": [],
                    "primaryButtonText": "FIX NOW"
                },
                "status": "REJECTED"
            },
            {
                "data": {
                    "title": "Sorry, Your Demat Account Could Not Be Opened",
                    "imageUrl": "https://imgstatic.phonepe.com/images/stocks/mobile/120/120/demat_sorry_account_not_opened.png",
                    "imageSubUrl": "stocks/mobile/{width}/{height}/demat_sorry_account_not_opened.png",
                    "subTitle": "We couldn't open your demat account due to some technical reasons. Please contact support for more details.",
                    "descriptionList": [],
                    "secondaryButtonText": "CONTACT SUPPORT"
                },
                "status": "FAILED"
            },
            {
                "data": {
                    "title": "Uh-Oh! You Missed E-signing On Time",
                    "imageUrl": "https://imgstatic.phonepe.com/images/stocks/mobile/120/120/demat_KYC_timeout.png",
                    "imageSubUrl": "stocks/mobile/{width}/{height}/demat_KYC_timeout.png",
                    "subTitle": "Your DigiLocker documents were valid for 3 days. You missed completing your application within that time. Please restart your application to open your demat account.",
                    "descriptionList": [],
                    "primaryButtonText": "RESTART KYC"
                },
                "status": "EXPIRED"
            },
            {
                "data": {
                    "title": "Update The App To See Your Kyc Status",
                    "imageUrl": "https://imgstatic.phonepe.com/images/stocks/mobile/120/120/demat_update_app.png",
                    "imageSubUrl": "stocks/mobile/{width}/{height}/demat_update_app.png",
                    "subTitle": "The app version you are using is outdated. To stay on track about your application status, please update the app.",
                    "descriptionList": [],
                    "primaryButtonText": "UPDATE APP"
                },
                "status": "PROMPT_FOR_UPDATE"
            }
        ],
        
        "onboardingBanner": [
            {
                "data": {
                    "title": "Start Your Investment Journey With Us",
                    "subTitle": "Hassle-free account opening. Invest in stocks, ETFs, and more.",
                    "description": "",
                    "imageUrl": "https://imgstatic.phonepe.com/images/stocks/mobile/136/180/banner_demat_start_investing.png",
                    "imageSubUrl": "stocks/mobile/{width}/{height}/banner_demat_start_investing.png",
                    "bgColor": "#FAF1E5",
                    "buttonText": "OPEN"
                },
                "status": "NOT_STARTED"
            },
            {
                "data": {
                    "title": "Resume Opening Your Demat Account",
                    "subTitle": "Hassle-free account opening. Invest in stocks, ETFs, and more.",
                    "description": "",
                    "imageUrl": "https://imgstatic.phonepe.com/images/stocks/mobile/136/180/banner_demat_demat_account.png",
                    "imageSubUrl": "stocks/mobile/{width}/{height}/banner_demat_demat_account.png",
                    "bgColor": "#E5F6EE",
                    "buttonText": "RESUME"
                },
                "status": "IN_PROGRESS"
            },
            {
                "data": {
                    "title": "Your Account Activation Is In Progress.",
                    "subTitle": "We’ll let you know once your demat account is activated. This may take up to 48 - 72 hours.",
                    "description": "",
                    "imageUrl": "https://imgstatic.phonepe.com/images/stocks/mobile/136/180/banner_demat_documents_bein_verified.png",
                    "imageSubUrl": "stocks/mobile/{width}/{height}/banner_demat_documents_bein_verified.png",
                    "bgColor": "#F7F2F7",
                    "buttonText": ""
                },
                "status": "IN_REVIEW"
            },
            {
                "data": {
                    "title": "Your Account Activation Is In Progress.",
                    "subTitle": "We’ll let you know once your demat account is activated. This may take up to 48 hours.",
                    "description": "",
                    "imageUrl": "https://imgstatic.phonepe.com/images/stocks/mobile/136/180/banner_demat_almost_done.png",
                    "imageSubUrl": "stocks/mobile/{width}/{height}/banner_demat_almost_done.png",
                    "bgColor": "#FCF8E5",
                    "buttonText": ""
                },
                "status": "ACCOUNT_UNDER_ACTIVATION"
            },
            {
                "data": {
                    "title": "Issue With Demat Account Opening!",
                    "subTitle": "There seems to be some issues with your uploaded documents",
                    "description": "",
                    "imageUrl": "https://imgstatic.phonepe.com/images/stocks/mobile/136/180/banner_demat_issue_with_application.png",
                    "imageSubUrl": "stocks/mobile/{width}/{height}/banner_demat_issue_with_application.png",
                    "bgColor": "#E5F5FA",
                    "buttonText": "FIX NOW"
                },
                "status": "REJECTED"
            },
            {
                "data": {
                    "title": "Demat Account Could Not Be Opened",
                    "subTitle": "We couldn’t open your demat account due to some technical reasons",
                    "description": "",
                    "imageUrl": "https://imgstatic.phonepe.com/images/stocks/mobile/136/180/banner_demat_sorry_account_not_opened.png",
                    "imageSubUrl": "stocks/mobile/{width}/{height}/banner_demat_sorry_account_not_opened.png",
                    "bgColor": "#FEEFF7",
                    "buttonText": "CONTACT SUPPORT"
                },
                "status": "FAILED"
            },
            {
                "data": {
                    "title": "Uh-Oh! You Missed E-signing On Time",
                    "subTitle": "Your DigiLocker documents were valid for 3 days. Please restart your application.",
                    "description": "",
                    "imageUrl": "https://imgstatic.phonepe.com/images/stocks/mobile/136/180/banner_demat_KYC_timeout.png",
                    "imageSubUrl": "stocks/mobile/{width}/{height}/banner_demat_KYC_timeout.png",
                    "bgColor": "#F1EFFE",
                    "buttonText": "RESTART"
                },
                "status": "EXPIRED"
            }
        ],
        "onboardingErrorCodes": {
            "DIGIO_DOWN": {
                "title": "Sorry, we're facing some technical issues right now",
                "subTitle": " We'll notify you once we open up demat registration process again."
            },
            "KYC_REQUEST_BLOCKED": {
                "title": "We're Fixing Some Technical Issues",
                "subTitle": "We'll notify you once we open up the demat registration process again."
            },
            "ERROR_INSUFFICIENT_DATA": {
                "title": "Error, Insufficient data",
                "subTitle": "Your email verification was successful but the further account opening form failed to load. You can retry now or restart later"
            },
            "ERROR_LOADING_PV": {
                "title": "Error loading account opening form",
                "subTitle": "Your email verification was successful but the further account opening form failed to load. You can retry now or restart later"
            },
            "ERROR_LOADING_PLANS": {
                "title": "Error loading plans for account opening",
                "subTitle": "Error loading plans for account opening Error loading plans for account opening"
            },
            "ERROR_FETCHING_STEPS": {
                "title": "Error fetching onboarding steps",
                "subTitle": "Some error occurred while fetching onboarding steps, retry now or sometime later"
            },
            "STATUS_API_FAILURE": {
                "title": "Unable to get Demat KYC status",
                "subTitle": "There was an error while getting your Demat KYC status. Please retry or check back later."
            },
            "ERROR_RESUMING_KYC_PROCESS": {
                "title": "An error occurred while resuming your Demat KYC process",
                "subTitle": "There was an error while resuming your Demat KYC. Please retry or check back later."
            },
            "AOC_PAYMENT_PENDING": {
                "title": "Waiting For Your Payment",
                "subTitle": "Please open your UPI app and complete the payment for opening your demat account.\n\nIf you have already completed your payment but it is showing as pending, you can try again safely. Any money deducted twice will be refunded to you within 2 working days.",
                "primary_cta": "RETRY PAYMENT",
                "secondary_cta": "VIEW PREVIOUS PAYMENT STATUS"
            },
            "AOC_PAYMENT_FAILED": {
                "title": "Your Previous Payment Failed",
                "subTitle": "Any money deducted twice will be refunded to you within 2 working days.",
                "primary_cta": "RETRY PAYMENT",
                "secondary_cta": "VIEW PREVIOUS PAYMENT STATUS"
            },
            "AOC_PAYMENT_REQUEST_BLOCKED": {
                "title": "Please complete your KYC in our Desktop website",
                "subTitle": "Opening demat account is currently available only in our desktop website (trade.share.market) and Android app."
            }
        }
        ,
        "accountOpeningPlans": [
            {
                "data": {
                    "title": "Account opening fee",
                    "imageName": "acc_opening_fee"
                },
                "planId": "BASIC_PLAN"
            }
        ],
        "openAccountCheckList" : {
            "title": "Account Opening Checklist",
            "subTitle": "Please make sure you have the following ready for a successful account opening",
            "checkListTitle": "Typically Takes around 5 - 10 Minutes",
            "checkList": [
                {
                    "title": "PAN and Aadhaar Number\n(please ensure both documents are linked together)",
                    "imageSubUrl": "stocks/mobile/{width}/{height}/pan_card.png"
                },
                {
                    "title": "Any Mobile Number linked to Aadhaar to receive Aadhaar OTP",
                    "imageSubUrl": "stocks/mobile/{width}/{height}/mobile_number_OTP.png"
                },
                {
                    "title": "Bank Account No. and IFSC",
                    "imageSubUrl": "stocks/mobile/{width}/{height}/bank_account_number.png"
                },
                {
                    "title": "In a well lit area for a clear Selfie",
                    "imageSubUrl": "stocks/mobile/{width}/{height}/clear_selfie.png"
                }
            ],
            "primaryButtonText": "I’M READY, LET'S PROCEED"
        },
        "showUpdateAppOnParseError": true,
        "shouldProceedWithAccountCharges": true
    }
}
