{
    "paymentsConfig": {
        "allowedUpiApps": [
            {
                "data": {
                    "app": "PhonePe",
                    "enabled": true,
                    "uri": "phonepe://app",
                    "imageUrl": "https://imgstatic.phonepe.com/images/stocks/mobile/192/192/ic_phonepe.png"
                },
                "type": "PHONE_PE"
            },
            {
                "data": {
                    "app": "Google Pay",
                    "enabled": true,
                    "uri": "gpay://app",
                    "imageUrl": "https://imgstatic.phonepe.com/images/stocks/mobile/192/192/ic_google_pay.png"
                },
                "type": "G_PAY"
            },
            {
                "data": {
                    "app": "PayTM",
                    "enabled": true,
                    "uri": "paytm://app",
                    "imageUrl": "https://imgstatic.phonepe.com/images/stocks/mobile/192/192/ic_paytm.png"
                },
                "type": "PAYTM"
            }
        ],
        "upiCollect": {
            "enabled": true,
            "imageUrl": "https://imgstatic.phonepe.com/images/stocks/mobile/192/192/ic_bhim_upi.png"
        },
        "addMoneyAmountSuggestions": [50000, 100000, 500000, 1000000, 2500000],
        "collectTimeout": 180000,
        "processingTimeout": 30000,
        "defaultAddMoneyAmount": 500000
    }
}
