{
    "sbPVConfig": {
        "pvHelpTags": {
            "EMAIL_VERIFICATION_SECTION": {
                "defaultValue": "Email"
            },
            "KYC_VERIFICATION": {
                "defaultValue": "KYC_C"
            },
            "PAN_VERIFICATION_SECTION":{
                "defaultValue": "PAN",
                "FAILURE": "PAN_Error"
            },
            "KYC_PERSONAL_SECTION": {
                "defaultValue":  "KYC_C"
            },
            "BANK_SECTION": {
                "defaultValue": "Bank"
            },
            "SELFIE_SECTION": {
                "defaultValue": "Selfie"
            },
            "SIGNATURE_SECTION": {
                "defaultValue": "Signature"
            },
            "ACCOUNT_ACTIVATION": {
                "defaultValue": "AOC"
            },
            "ACCOUNT_FORM_SECTION": {
                "defaultValue":  "Esign"
            },
            "DOCUMENT_UPLOAD_SECTION": {
                "defaultValue": "Digilocker",
                "FAILURE": "Digilocker_error"
            }
        }
    }
}
