{
    "webViewConfig": {
        "webViewControllerJson": [
            {
                "baseUrl": "wealthdesk.in",
                "applicationId": "WEALTH_DESK",
                "supportedBridgeIntents": [
                    "login",
                    "faqs",
                    "help",
                    "viewticket",
                    "addFunds",
                    "kyc",
                    "download",
                    "sendEvent",
                    "authorizeSellOrders",
                    "openExternalUrl"
                ],
                "blacklistedUrl": []
            }
        ]
    }
}
